trialnum	 subject	 session	 part 	 condition     	 basicShape	 numObjects	 speed             	 motionRule	 trialKind      	 staircaseIndex	 staircaseWithinCondition	 stairKey                            	 stairStartSpeed	 stairValue         	 initialAngle	 initialOtherAngle	 cueFrames	 timingCheckFrames	 eyetrackingEnabled	 fixatnPeriodFrames	 trajectorySide	 trajectoryOffsetDeg	 ellipseRotationRad	 correct	 trialOutcome	 trialExcluded	 fixBreakFrame	 fixBreakDistanceDeg	 trialDurTotal	 numTargets	 whichIsTarget	 reversal_count	 timingBlips	 numLongFramesAfterCue	 reversal_0	 reversal_1	 reversal_2	 reversal_3	 reversal_4	 reversal_5	 reversal_6	 reversal_7	 reversal_8	 reversal_9
       0	 temp   	 a      	 Part1	 near_displaced	 circle    	          2	 1.0               	 standard  	 practice       	              0	 n/a                     	 -999                                	 -999           	 -999               	       3.4535	            0.3119	        89	                89	                  0	                 80	 right         	                 5.0	 -999              	       1	        5.165	             1	             0	                   3	             2	          2	        1.9962	         2.8834	 4.1151     	 -999                 	 -999      	 -999      	 -999      	 -999      	 -999      	 -999
       1	 temp   	 a      	 Part1	 far_displaced 	 circle    	          2	 1.0               	 varying   	 practice       	              0	 n/a                     	 -999                                	 -999           	 -999               	       3.5487	            0.4071	        89	                89	                  0	                 84	 left          	                10.0	 -999              	       1	        5.214	             1	             0	                   2	             0	          0	        2.6625	         4.0669	 -999       	 -999                 	 -999      	 -999      	 -999      	 -999      	 -999      	 -999
       2	 temp   	 a      	 Part1	 far_displaced 	 circle    	          2	 0.5               	 varying   	 practice       	              0	 n/a                     	 -999                                	 -999           	 -999               	       4.3847	            1.2431	        89	                89	                  0	                 97	 right         	                10.0	 -999              	       1	        5.388	             1	             0	                   2	             0	          0	        3.1823	         3.8253	 -999       	 -999                 	 -999      	 -999      	 -999      	 -999      	 -999      	 -999
       3	 temp   	 a      	 Part1	 near_displaced	 circle    	          2	 0.5               	 standard  	 practice       	              0	 n/a                     	 -999                                	 -999           	 -999               	       0.5663	            3.7078	        89	                89	                  0	                 95	 left          	                 5.0	 -999              	       1	        5.389	             1	             0	                   2	             4	          0	        2.7743	         3.6695	 -999       	 -999                 	 -999      	 -999      	 -999      	 -999      	 -999      	 -999
       4	 temp   	 a      	 Part1	 far_displaced 	 circle    	          2	 1.0               	 standard  	 practice       	              0	 n/a                     	 -999                                	 -999           	 -999               	       3.3441	            0.2025	        89	                89	                  0	                 94	 right         	                10.0	 -999              	       1	        5.348	             1	             0	                   3	             0	          0	        2.1146	         3.1339	 5.0218     	 -999                 	 -999      	 -999      	 -999      	 -999      	 -999      	 -999
       5	 temp   	 a      	 Part1	 centred       	 circle    	          2	 0.5               	 standard  	 practice       	              0	 n/a                     	 -999                                	 -999           	 -999               	       0.736 	            3.8776	        89	                89	                  0	                 92	 center        	                 0.0	 -999              	       1	        5.322	             1	             0	                   2	             0	          0	        3.1108	         4.8558	 -999       	 -999                 	 -999      	 -999      	 -999      	 -999      	 -999      	 -999
       6	 temp   	 a      	 Part1	 centred       	 circle    	          2	 1.0               	 standard  	 practice       	              0	 n/a                     	 -999                                	 -999           	 -999               	       3.4295	            0.2879	        89	                89	                  0	                 81	 center        	                 0.0	 -999              	       1	        5.175	             1	             0	                   3	             0	          0	        2.2846	         3.1379	 3.8382     	 -999                 	 -999      	 -999      	 -999      	 -999      	 -999      	 -999
       7	 temp   	 a      	 Part1	 near_displaced	 circle    	          2	 0.5               	 varying   	 practice       	              0	 n/a                     	 -999                                	 -999           	 -999               	       3.2124	            0.0708	        89	                89	                  0	                 84	 left          	                 5.0	 -999              	       1	        5.215	             1	             0	                   2	             0	          0	        1.9759	         3.5871	 -999       	 -999                 	 -999      	 -999      	 -999      	 -999      	 -999      	 -999
       8	 temp   	 a      	 Part1	 near_displaced	 circle    	          2	 1.0               	 varying   	 practice       	              0	 n/a                     	 -999                                	 -999           	 -999               	       3.1943	            0.0527	        89	                89	                  0	                 61	 left          	                 5.0	 -999              	       1	        4.908	             1	             0	                   3	             0	          0	        2.101 	         3.1192	 4.56       	 -999                 	 -999      	 -999      	 -999      	 -999      	 -999      	 -999
       9	 temp   	 a      	 Part1	 far_displaced 	 circle    	          2	 0.5               	 standard  	 practice       	              0	 n/a                     	 -999                                	 -999           	 -999               	       3.8536	            0.712 	        89	                89	                  0	                 84	 right         	                10.0	 -999              	       1	        5.215	             1	             0	                   3	             0	          0	        2.0583	         3.1751	 4.1577     	 -999                 	 -999      	 -999      	 -999      	 -999      	 -999      	 -999
      10	 temp   	 a      	 Part1	 far_displaced 	 circle    	          2	 0.7               	 varying   	 staircase      	              1	 stair1                  	 Part1|far_displaced|varying|stair1  	 0.7            	 -0.7               	       5.2589	            2.1173	        89	                89	                  0	                 83	 right         	                10.0	 -999              	       1	        5.333	             1	             0	                   3	             1	          0	        1.9637	         2.7878	 3.7763     	 -999                 	 -999      	 -999      	 -999      	 -999      	 -999      	 -999
      11	 temp   	 a      	 Part1	 near_displaced	 circle    	          2	 0.7               	 varying   	 staircase      	              1	 stair1                  	 Part1|near_displaced|varying|stair1 	 0.7            	 -0.7               	       2.0494	            5.191 	        89	                89	                  0	                 67	 left          	                 5.0	 -999              	       1	        5.166	             1	             0	                   3	             0	          0	        2.3406	         3.3867	 4.9738     	 -999                 	 -999      	 -999      	 -999      	 -999      	 -999      	 -999
      12	 temp   	 a      	 Part1	 centred       	 circle    	          2	 0.7               	 standard  	 staircase      	              1	 stair1                  	 Part1|centred|standard|stair1       	 0.7            	 -0.7               	       3.692 	            0.5504	        89	                89	                  0	                 78	 center        	                 0.0	 -999              	       1	        5.265	             1	             0	                   2	             0	          0	        2.2077	         4.1031	 -999       	 -999                 	 -999      	 -999      	 -999      	 -999      	 -999      	 -999
      13	 temp   	 a      	 Part1	 far_displaced 	 circle    	          2	 0.7               	 standard  	 staircase      	              1	 stair1                  	 Part1|far_displaced|standard|stair1 	 0.7            	 -0.7               	       0.7002	            3.8418	        89	                89	                  0	                 95	 left          	                10.0	 -999              	       1	        5.5  	             1	             0	                   4	             0	          0	        1.7556	         2.3113	 3.0339     	 4.9293               	 -999      	 -999      	 -999      	 -999      	 -999      	 -999
      14	 temp   	 a      	 Part1	 near_displaced	 circle    	          2	 0.7               	 standard  	 staircase      	              1	 stair1                  	 Part1|near_displaced|standard|stair1	 0.7            	 -0.7               	       1.7312	            4.8728	        89	                89	                  0	                 79	 right         	                 5.0	 -999              	       1	        5.316	             1	             0	                   3	             0	          0	        2.3169	         3.0341	 4.4674     	 -999                 	 -999      	 -999      	 -999      	 -999      	 -999      	 -999
      15	 temp   	 a      	 Part1	 centred       	 circle    	          2	 1.5               	 standard  	 staircase      	              2	 stair2                  	 Part1|centred|standard|stair2       	 1.5            	 -1.5               	       0.5707	            3.7123	        89	                89	                  0	                 64	 center        	                 0.0	 -999              	       1	        5.316	             1	             0	                   2	             5	          5	        2.2978	         3.9297	 -999       	 -999                 	 -999      	 -999      	 -999      	 -999      	 -999      	 -999
      16	 temp   	 a      	 Part1	 far_displaced 	 circle    	          2	 1.5               	 standard  	 staircase      	              2	 stair2                  	 Part1|far_displaced|standard|stair2 	 1.5            	 -1.5               	       3.3007	            0.1591	        89	                89	                  0	                 92	 right         	                10.0	 -999              	       1	        5.517	             1	             0	                   3	             0	          0	        1.9339	         2.6808	 4.1209     	 -999                 	 -999      	 -999      	 -999      	 -999      	 -999      	 -999
      17	 temp   	 a      	 Part1	 centred       	 circle    	          2	 0.7               	 standard  	 staircase      	              1	 stair1                  	 Part1|centred|standard|stair1       	 0.7            	 -0.7               	       1.7096	            4.8511	        89	                89	                  0	                 70	 center        	                 0.0	 -999              	       1	        5.233	             1	             0	                   2	             2	          2	        1.9023	         3.8642	 -999       	 -999                 	 -999      	 -999      	 -999      	 -999      	 -999      	 -999
      18	 temp   	 a      	 Part1	 far_displaced 	 circle    	          2	 0.7               	 standard  	 staircase      	              1	 stair1                  	 Part1|far_displaced|standard|stair1 	 0.7            	 -0.7               	       0.118 	            3.2596	        89	                89	                  0	                 87	 left          	                10.0	 -999              	       1	        5.45 	             1	             0	                   3	             0	          0	        2.6651	         3.2519	 4.5291     	 -999                 	 -999      	 -999      	 -999      	 -999      	 -999      	 -999
      19	 temp   	 a      	 Part1	 near_displaced	 circle    	          2	 1.5               	 varying   	 staircase      	              2	 stair2                  	 Part1|near_displaced|varying|stair2 	 1.5            	 -1.5               	       3.6551	            0.5135	        89	                89	                  0	                 80	 right         	                 5.0	 -999              	       1	        5.366	             1	             0	                   2	             0	          0	        2.7984	         4.4526	 -999       	 -999                 	 -999      	 -999      	 -999      	 -999      	 -999      	 -999
      20	 temp   	 a      	 Part1	 far_displaced 	 circle    	          2	 1.5               	 standard  	 staircase      	              2	 stair2                  	 Part1|far_displaced|standard|stair2 	 1.5            	 -1.5               	       0.244 	            3.3856	        89	                89	                  0	                 78	 left          	                10.0	 -999              	       1	        5.35 	             1	             0	                   2	             0	          0	        3.1071	         3.7991	 -999       	 -999                 	 -999      	 -999      	 -999      	 -999      	 -999      	 -999
      21	 temp   	 a      	 Part1	 far_displaced 	 circle    	          2	 0.2               	 varying   	 attention_check	              0	 n/a                     	 -999                                	 -999           	 -999               	       3.6202	            0.4786	        89	                89	                  0	                 63	 left          	                10.0	 -999              	       1	        5.15 	             1	             0	                   2	             0	          0	        1.9972	         3.5721	 -999       	 -999                 	 -999      	 -999      	 -999      	 -999      	 -999      	 -999
      22	 temp   	 a      	 Part1	 centred       	 circle    	          2	 1.5               	 standard  	 staircase      	              2	 stair2                  	 Part1|centred|standard|stair2       	 1.5            	 -1.5               	       4.6554	            1.5138	        89	                89	                  0	                 69	 center        	                 0.0	 -999              	       1	        5.25 	             1	             0	                   2	             0	          0	        2.7806	         4.2544	 -999       	 -999                 	 -999      	 -999      	 -999      	 -999      	 -999      	 -999
      23	 temp   	 a      	 Part1	 near_displaced	 circle    	          2	 0.7               	 varying   	 staircase      	              1	 stair1                  	 Part1|near_displaced|varying|stair1 	 0.7            	 -0.7               	       3.328 	            0.1864	        89	                89	                  0	                 78	 right         	                 5.0	 -999              	       1	        5.383	             1	             0	                   2	             0	          0	        1.9127	         3.6122	 -999       	 -999                 	 -999      	 -999      	 -999      	 -999      	 -999      	 -999
      24	 temp   	 a      	 Part1	 centred       	 circle    	          2	 0.7               	 standard  	 staircase      	              1	 stair1                  	 Part1|centred|standard|stair1       	 0.7            	 -0.7               	       5.1804	            2.0388	        89	                89	                  0	                 89	 center        	                 0.0	 -999              	       1	        5.533	             1	             0	                   2	             0	          0	        2.6964	         4.2183	 -999       	 -999                 	 -999      	 -999      	 -999      	 -999      	 -999      	 -999
      25	 temp   	 a      	 Part1	 far_displaced 	 circle    	          2	 1.5               	 varying   	 staircase      	              2	 stair2                  	 Part1|far_displaced|varying|stair2  	 1.5            	 -1.5               	       2.5234	            5.665 	        89	                89	                  0	                 74	 right         	                10.0	 -999              	       1	        5.333	             1	             0	                   3	             0	          0	        2.3002	         3.395 	 4.0529     	 -999                 	 -999      	 -999      	 -999      	 -999      	 -999      	 -999
      26	 temp   	 a      	 Part1	 near_displaced	 circle    	          2	 1.5               	 standard  	 staircase      	              2	 stair2                  	 Part1|near_displaced|standard|stair2	 1.5            	 -1.5               	       5.412 	            2.2704	        89	                89	                  0	                 62	 left          	                 5.0	 -999              	       1	        5.183	             1	             0	                   2	             0	          0	        2.4402	         4.3051	 -999       	 -999                 	 -999      	 -999      	 -999      	 -999      	 -999      	 -999
      27	 temp   	 a      	 Part1	 far_displaced 	 circle    	          2	 0.7               	 varying   	 staircase      	              1	 stair1                  	 Part1|far_displaced|varying|stair1  	 0.7            	 -0.7               	       2.0802	            5.2218	        89	                89	                  0	                 72	 left          	                10.0	 -999              	       1	        5.333	             1	             0	                   3	             2	          1	        2.3486	         3.2226	 5.0704     	 -999                 	 -999      	 -999      	 -999      	 -999      	 -999      	 -999
      28	 temp   	 a      	 Part1	 centred       	 circle    	          2	 1.5               	 standard  	 staircase      	              2	 stair2                  	 Part1|centred|standard|stair2       	 1.5            	 -1.5               	       2.1978	            5.3394	        89	                89	                  0	                 73	 center        	                 0.0	 -999              	       1	        5.35 	             1	             0	                   3	             0	          0	        2.307 	         3.4208	 4.9428     	 -999                 	 -999      	 -999      	 -999      	 -999      	 -999      	 -999
      29	 temp   	 a      	 Part1	 far_displaced 	 circle    	          2	 0.7               	 standard  	 staircase      	              1	 stair1                  	 Part1|far_displaced|standard|stair1 	 0.7            	 -0.7               	       3.8119	            0.6703	        89	                89	                  0	                 75	 right         	                10.0	 -999              	       1	        5.433	             1	             0	                   2	             1	          1	        2.5378	         3.753 	 -999       	 -999                 	 -999      	 -999      	 -999      	 -999      	 -999      	 -999
      30	 temp   	 a      	 Part1	 far_displaced 	 circle    	          2	 1.5               	 varying   	 staircase      	              2	 stair2                  	 Part1|far_displaced|varying|stair2  	 1.5            	 -1.5               	       2.1919	            5.3335	        89	                89	                  0	                 63	 left          	                10.0	 -999              	       1	        5.266	             1	             0	                   2	             1	          1	        2.9539	         4.8033	 -999       	 -999                 	 -999      	 -999      	 -999      	 -999      	 -999      	 -999
      31	 temp   	 a      	 Part1	 far_displaced 	 circle    	          2	 0.2               	 standard  	 attention_check	              0	 n/a                     	 -999                                	 -999           	 -999               	       2.9417	            6.0833	        89	                89	                  0	                 96	 right         	                10.0	 -999              	       1	        5.716	             1	             0	                   2	             1	          1	        3.0973	         4.1773	 -999       	 -999                 	 -999      	 -999      	 -999      	 -999      	 -999      	 -999
      32	 temp   	 a      	 Part1	 far_displaced 	 circle    	          2	 0.7               	 varying   	 staircase      	              1	 stair1                  	 Part1|far_displaced|varying|stair1  	 0.7            	 -0.7               	       6.1311	            2.9895	        89	                89	                  0	                 62	 right         	                10.0	 -999              	       1	        5.25 	             1	             0	                   2	             1	          1	        3.1209	         4.6346	 -999       	 -999                 	 -999      	 -999      	 -999      	 -999      	 -999      	 -999
      33	 temp   	 a      	 Part1	 near_displaced	 circle    	          2	 0.7               	 standard  	 staircase      	              1	 stair1                  	 Part1|near_displaced|standard|stair1	 0.7            	 -0.7               	       0.1425	            3.2841	        89	                89	                  0	                 88	 left          	                 5.0	 -999              	       1	        5.633	             1	             0	                   2	             2	          1	        1.8266	         3.7832	 -999       	 -999                 	 -999      	 -999      	 -999      	 -999      	 -999      	 -999
      34	 temp   	 a      	 Part1	 near_displaced	 circle    	          2	 1.5               	 varying   	 staircase      	              2	 stair2                  	 Part1|near_displaced|varying|stair2 	 1.5            	 -1.5               	       2.1158	            5.2574	        89	                89	                  0	                 61	 right         	                 5.0	 -999              	       1	        5.249	             1	             0	                   3	             0	          0	        2.4428	         3.2828	 4.0533     	 -999                 	 -999      	 -999      	 -999      	 -999      	 -999      	 -999
      35	 temp   	 a      	 Part1	 far_displaced 	 circle    	          2	 1.5               	 standard  	 staircase      	              2	 stair2                  	 Part1|far_displaced|standard|stair2 	 1.5            	 -1.5               	       0.1539	            3.2955	        89	                89	                  0	                 96	 left          	                10.0	 -999              	       1	        5.833	             1	             0	                   3	             0	          0	        2.1428	         3.2373	 5.1985     	 -999                 	 -999      	 -999      	 -999      	 -999      	 -999      	 -999
      36	 temp   	 a      	 Part1	 far_displaced 	 circle    	          2	 1.5               	 varying   	 staircase      	              2	 stair2                  	 Part1|far_displaced|varying|stair2  	 1.5            	 -1.5               	       3.0371	            6.1787	        89	                89	                  0	                 74	 right         	                10.0	 -999              	       1	        5.448	             1	             0	                   2	             0	          0	        2.8358	         3.8057	 -999       	 -999                 	 -999      	 -999      	 -999      	 -999      	 -999      	 -999
      37	 temp   	 a      	 Part1	 far_displaced 	 circle    	          2	 1.0               	 standard  	 staircase      	              1	 stair1                  	 Part1|far_displaced|standard|stair1 	 0.7            	 -1.0               	       4.1797	            1.0381	        89	                89	                  0	                 72	 left          	                10.0	 -999              	       1	        5.433	             1	             0	                   3	             0	          0	        1.812 	         2.8783	 4.3943     	 -999                 	 -999      	 -999      	 -999      	 -999      	 -999      	 -999
      38	 temp   	 a      	 Part1	 far_displaced 	 circle    	          2	 1.8               	 standard  	 staircase      	              2	 stair2                  	 Part1|far_displaced|standard|stair2 	 1.5            	 -1.8               	       3.9253	            0.7837	        89	                89	                  0	                 66	 left          	                10.0	 -999              	       1	        5.349	             1	             0	                   2	             0	          0	        2.5342	         4.0458	 -999       	 -999                 	 -999      	 -999      	 -999      	 -999      	 -999      	 -999
      39	 temp   	 a      	 Part1	 centred       	 circle    	          2	 1.0               	 standard  	 staircase      	              1	 stair1                  	 Part1|centred|standard|stair1       	 0.7            	 -1.0               	       2.9643	            6.1059	        89	                89	                  0	                 92	 center        	                 0.0	 -999              	       1	        5.7  	             1	             0	                   2	             1	          1	        2.2725	         3.6306	 -999       	 -999                 	 -999      	 -999      	 -999      	 -999      	 -999      	 -999
      40	 temp   	 a      	 Part1	 centred       	 circle    	          2	 1.8               	 standard  	 staircase      	              2	 stair2                  	 Part1|centred|standard|stair2       	 1.5            	 -1.8               	       4.3235	            1.1819	        89	                89	                  0	                 70	 center        	                 0.0	 -999              	       1	        5.465	             1	             0	                   2	             2	          2	        2.1789	         4.0365	 -999       	 -999                 	 -999      	 -999      	 -999      	 -999      	 -999      	 -999
      41	 temp   	 a      	 Part1	 far_displaced 	 circle    	          2	 1.0               	 standard  	 staircase      	              1	 stair1                  	 Part1|far_displaced|standard|stair1 	 0.7            	 -1.0               	       0.2063	            3.3479	        89	                89	                  0	                 82	 right         	                10.0	 -999              	       1	        5.617	             1	             0	                   2	             0	          0	        2.5811	         3.8417	 -999       	 -999                 	 -999      	 -999      	 -999      	 -999      	 -999      	 -999
      42	 temp   	 a      	 Part1	 near_displaced	 circle    	          2	 0.2               	 standard  	 attention_check	              0	 n/a                     	 -999                                	 -999           	 -999               	       5.4062	            2.2647	        89	                89	                  0	                 63	 right         	                 5.0	 -999              	       1	        5.366	             1	             0	                   2	             1	          1	        2.9503	         4.3127	 -999       	 -999                 	 -999      	 -999      	 -999      	 -999      	 -999      	 -999
      43	 temp   	 a      	 Part1	 far_displaced 	 circle    	          2	 1.0               	 varying   	 staircase      	              1	 stair1                  	 Part1|far_displaced|varying|stair1  	 0.7            	 -1.0               	       2.5707	            5.7123	        89	                89	                  0	                 73	 left          	                10.0	 -999              	       1	        5.5  	             1	             0	                   2	             0	          0	        2.9295	         3.9688	 -999       	 -999                 	 -999      	 -999      	 -999      	 -999      	 -999      	 -999
      44	 temp   	 a      	 Part1	 near_displaced	 circle    	          2	 0.7               	 varying   	 staircase      	              1	 stair1                  	 Part1|near_displaced|varying|stair1 	 0.7            	 -0.7               	       0.1202	            3.2618	        89	                89	                  0	                 61	 right         	                 5.0	 -999              	       1	        5.383	             1	             0	                   3	             1	          0	        2.3966	         3.4558	 4.3051     	 -999                 	 -999      	 -999      	 -999      	 -999      	 -999      	 -999
      45	 temp   	 a      	 Part1	 far_displaced 	 circle    	          2	 1.8               	 varying   	 staircase      	              2	 stair2                  	 Part1|far_displaced|varying|stair2  	 1.5            	 -1.8               	       4.5803	            1.4387	        89	                89	                  0	                 63	 left          	                10.0	 -999              	       1	        5.4  	             1	             0	                   3	             0	          0	        2.1628	         2.8352	 4.5913     	 -999                 	 -999      	 -999      	 -999      	 -999      	 -999      	 -999
      46	 temp   	 a      	 Part1	 near_displaced	 circle    	          2	 1.5               	 varying   	 staircase      	              2	 stair2                  	 Part1|near_displaced|varying|stair2 	 1.5            	 -1.5               	       0.6772	            3.8188	        89	                89	                  0	                 73	 right         	                 5.0	 -999              	       1	        5.532	             1	             0	                   2	             0	          0	        2.2194	         3.5687	 -999       	 -999                 	 -999      	 -999      	 -999      	 -999      	 -999      	 -999
      47	 temp   	 a      	 Part1	 near_displaced	 circle    	          2	 1.0               	 varying   	 staircase      	              1	 stair1                  	 Part1|near_displaced|varying|stair1 	 0.7            	 -1.0               	       4.024 	            0.8825	        89	                89	                  0	                 67	 left          	                 5.0	 -999              	       1	        5.483	             1	             0	                   3	             3	          2	        1.7236	         3.0704	 4.1179     	 -999                 	 -999      	 -999      	 -999      	 -999      	 -999      	 -999
      48	 temp   	 a      	 Part1	 far_displaced 	 circle    	          2	 1.0               	 varying   	 staircase      	              1	 stair1                  	 Part1|far_displaced|varying|stair1  	 0.7            	 -1.0               	       5.9372	            2.7956	        89	                89	                  0	                 73	 right         	                10.0	 -999              	       1	        5.683	             1	             0	                   2	             2	          2	        2.8669	         4.2019	 -999       	 -999                 	 -999      	 -999      	 -999      	 -999      	 -999      	 -999
      49	 temp   	 a      	 Part1	 near_displaced	 circle    	          2	 1.8               	 varying   	 staircase      	              2	 stair2                  	 Part1|near_displaced|varying|stair2 	 1.5            	 -1.8               	       5.3194	            2.1778	        89	                89	                  0	                 92	 left          	                 5.0	 -999              	       1	        5.85 	             1	             0	                   2	             1	          1	        2.5439	         4.2181	 -999       	 -999                 	 -999      	 -999      	 -999      	 -999      	 -999      	 -999
      50	 temp   	 a      	 Part1	 near_displaced	 circle    	          2	 1.0               	 varying   	 staircase      	              1	 stair1                  	 Part1|near_displaced|varying|stair1 	 0.7            	 -1.0               	       3.6119	            0.4704	        89	                89	                  0	                 65	 left          	                 5.0	 -999              	       1	        5.517	             1	             0	                   2	             1	          1	        2.2495	         3.7258	 -999       	 -999                 	 -999      	 -999      	 -999      	 -999      	 -999      	 -999
      51	 temp   	 a      	 Part1	 far_displaced 	 circle    	          2	 1.8               	 standard  	 staircase      	              2	 stair2                  	 Part1|far_displaced|standard|stair2 	 1.5            	 -1.8               	       0.2756	            3.4172	        89	                89	                  0	                 60	 right         	                10.0	 -999              	       1	        5.466	             1	             0	                   3	             5	          5	        1.7321	         2.5544	 4.3834     	 -999                 	 -999      	 -999      	 -999      	 -999      	 -999      	 -999
      52	 temp   	 a      	 Part1	 centred       	 circle    	          2	 1.0               	 standard  	 staircase      	              1	 stair1                  	 Part1|centred|standard|stair1       	 0.7            	 -1.0               	       1.1224	            4.264 	        89	                89	                  0	                 69	 center        	                 0.0	 -999              	       1	        5.567	             1	             0	                   3	             3	          3	        1.8684	         3.3743	 4.2865     	 -999                 	 -999      	 -999      	 -999      	 -999      	 -999      	 -999
      53	 temp   	 a      	 Part1	 far_displaced 	 circle    	          2	 0.2               	 varying   	 attention_check	              0	 n/a                     	 -999                                	 -999           	 -999               	       2.1796	            5.3212	        89	                89	                  0	                 95	 left          	                10.0	 -999              	       1	        5.983	             1	             0	                   2	             6	          6	        2.4931	         3.5281	 -999       	 -999                 	 -999      	 -999      	 -999      	 -999      	 -999      	 -999
      54	 temp   	 a      	 Part1	 far_displaced 	 circle    	          2	 1.8               	 varying   	 staircase      	              2	 stair2                  	 Part1|far_displaced|varying|stair2  	 1.5            	 -1.8               	       5.6232	            2.4816	        89	                89	                  0	                 69	 right         	                10.0	 -999              	       1	        5.599	             1	             0	                   2	             0	          0	        2.6147	         4.3512	 -999       	 -999                 	 -999      	 -999      	 -999      	 -999      	 -999      	 -999
      55	 temp   	 a      	 Part1	 centred       	 circle    	          2	 1.8               	 standard  	 staircase      	              2	 stair2                  	 Part1|centred|standard|stair2       	 1.5            	 -1.8               	       1.7095	            4.8511	        89	                89	                  0	                 82	 center        	                 0.0	 -999              	       1	        5.75 	             1	             0	                   2	             2	          0	        2.2986	         3.8101	 -999       	 -999                 	 -999      	 -999      	 -999      	 -999      	 -999      	 -999
      56	 temp   	 a      	 Part1	 centred       	 circle    	          2	 1.0               	 standard  	 staircase      	              1	 stair1                  	 Part1|centred|standard|stair1       	 0.7            	 -1.0               	       1.2421	            4.3837	        89	                89	                  0	                 88	 center        	                 0.0	 -999              	       1	        5.867	             1	             0	                   2	             3	          2	        2.2473	         3.7043	 -999       	 -999                 	 -999      	 -999      	 -999      	 -999      	 -999      	 -999
      57	 temp   	 a      	 Part1	 far_displaced 	 circle    	          2	 1.0               	 standard  	 staircase      	              1	 stair1                  	 Part1|far_displaced|standard|stair1 	 0.7            	 -1.0               	       5.4627	            2.3211	        89	                89	                  0	                 72	 right         	                10.0	 -999              	       1	        5.632	             1	             0	                   2	             0	          0	        1.8753	         3.5413	 -999       	 -999                 	 -999      	 -999      	 -999      	 -999      	 -999      	 -999
      58	 temp   	 a      	 Part1	 centred       	 circle    	          2	 1.8               	 standard  	 staircase      	              2	 stair2                  	 Part1|centred|standard|stair2       	 1.5            	 -1.8               	       4.0753	            0.9338	        89	                89	                  0	                 79	 center        	                 0.0	 -999              	       1	        5.85 	             1	             0	                   2	             1	          1	        3.0417	         3.8901	 -999       	 -999                 	 -999      	 -999      	 -999      	 -999      	 -999      	 -999
      59	 temp   	 a      	 Part1	 near_displaced	 circle    	          2	 1.8               	 varying   	 staircase      	              2	 stair2                  	 Part1|near_displaced|varying|stair2 	 1.5            	 -1.8               	       0.4748	            3.6164	        89	                89	                  0	                 60	 left          	                 5.0	 -999              	       1	        5.483	             1	             0	                   2	             0	          0	        2.9983	         4.7888	 -999       	 -999                 	 -999      	 -999      	 -999      	 -999      	 -999      	 -999
      60	 temp   	 a      	 Part1	 near_displaced	 circle    	          2	 1.0               	 varying   	 staircase      	              1	 stair1                  	 Part1|near_displaced|varying|stair1 	 0.7            	 -1.0               	       4.8157	            1.6741	        89	                89	                  0	                 83	 left          	                 5.0	 -999              	       1	        5.8  	             1	             0	                   2	             0	          0	        3.0211	         4.1334	 -999       	 -999                 	 -999      	 -999      	 -999      	 -999      	 -999      	 -999
      61	 temp   	 a      	 Part1	 far_displaced 	 circle    	          2	 1.0               	 varying   	 staircase      	              1	 stair1                  	 Part1|far_displaced|varying|stair1  	 0.7            	 -1.0               	       0.8817	            4.0233	        89	                89	                  0	                 90	 right         	                10.0	 -999              	       1	        5.916	             1	             0	                   3	             0	          0	        1.8067	         3.4446	 4.1451     	 -999                 	 -999      	 -999      	 -999      	 -999      	 -999      	 -999
      62	 temp   	 a      	 Part1	 near_displaced	 circle    	          2	 1.8               	 varying   	 staircase      	              2	 stair2                  	 Part1|near_displaced|varying|stair2 	 1.5            	 -1.8               	       0.0417	            3.1833	        89	                89	                  0	                 67	 left          	                 5.0	 -999              	       1	        5.616	             1	             0	                   2	             0	          0	        2.6418	         3.6279	 -999       	 -999                 	 -999      	 -999      	 -999      	 -999      	 -999      	 -999
      63	 temp   	 a      	 Part1	 far_displaced 	 circle    	          2	 1.8               	 standard  	 staircase      	              2	 stair2                  	 Part1|far_displaced|standard|stair2 	 1.5            	 -1.8               	       2.1949	            5.3365	        89	                89	                  0	                 67	 right         	                10.0	 -999              	       1	        5.65 	             1	             0	                   2	             0	          0	        2.8818	         4.0642	 -999       	 -999                 	 -999      	 -999      	 -999      	 -999      	 -999      	 -999
      64	 temp   	 a      	 Part1	 far_displaced 	 circle    	          2	 0.2               	 standard  	 attention_check	              0	 n/a                     	 -999                                	 -999           	 -999               	       1.9463	            5.0878	        89	                89	                  0	                 92	 right         	                10.0	 -999              	       1	        6.216	             1	             0	                   2	             4	          2	        2.5879	         3.4778	 -999       	 -999                 	 -999      	 -999      	 -999      	 -999      	 -999      	 -999
      65	 temp   	 a      	 Part1	 centred       	 circle    	          2	 1.3               	 standard  	 staircase      	              1	 stair1                  	 Part1|centred|standard|stair1       	 0.7            	 -1.3               	       3.958 	            0.8164	        89	                89	                  0	                 61	 center        	                 0.0	 -999              	       1	        5.583	             1	             0	                   2	             2	          2	        2.7436	         4.2376	 -999       	 -999                 	 -999      	 -999      	 -999      	 -999      	 -999      	 -999
      66	 temp   	 a      	 Part1	 far_displaced 	 circle    	          2	 1.8               	 varying   	 staircase      	              2	 stair2                  	 Part1|far_displaced|varying|stair2  	 1.5            	 -1.8               	       1.5287	            4.6703	        89	                89	                  0	                 68	 left          	                10.0	 -999              	       1	        5.666	             1	             0	                   2	             0	          0	        2.8481	         3.5565	 -999       	 -999                 	 -999      	 -999      	 -999      	 -999      	 -999      	 -999
      67	 temp   	 a      	 Part1	 near_displaced	 circle    	          2	 1.3               	 varying   	 staircase      	              1	 stair1                  	 Part1|near_displaced|varying|stair1 	 0.7            	 -1.3               	       3.1588	            0.0172	        89	                89	                  0	                 94	 left          	                 5.0	 -999              	       1	        6.166	             1	             0	                   3	             0	          0	        2.0958	         2.8041	 4.7622     	 -999                 	 -999      	 -999      	 -999      	 -999      	 -999      	 -999
      68	 temp   	 a      	 Part1	 far_displaced 	 circle    	          2	 1.3               	 standard  	 staircase      	              1	 stair1                  	 Part1|far_displaced|standard|stair1 	 0.7            	 -1.3               	       4.5576	            1.416 	        89	                89	                  0	                 76	 right         	                10.0	 -999              	       1	        5.8  	             1	             0	                   2	             0	          0	        2.2065	         3.9375	 -999       	 -999                 	 -999      	 -999      	 -999      	 -999      	 -999      	 -999
      69	 temp   	 a      	 Part1	 centred       	 circle    	          2	 2.1               	 standard  	 staircase      	              2	 stair2                  	 Part1|centred|standard|stair2       	 1.5            	 -2.1               	       1.4395	            4.5811	        89	                89	                  0	                 84	 center        	                 0.0	 -999              	       1	        5.916	             1	             0	                   2	             1	          1	        2.2982	         4.0714	 -999       	 -999                 	 -999      	 -999      	 -999      	 -999      	 -999      	 -999
      70	 temp   	 a      	 Part1	 far_displaced 	 circle    	          2	 1.3               	 varying   	 staircase      	              1	 stair1                  	 Part1|far_displaced|varying|stair1  	 0.7            	 -1.3               	       5.4493	            2.3077	        89	                89	                  0	                 83	 right         	                10.0	 -999              	       1	        5.916	             1	             0	                   3	             2	          2	        2.348 	         3.3257	 5.0835     	 -999                 	 -999      	 -999      	 -999      	 -999      	 -999      	 -999
      71	 temp   	 a      	 Part1	 far_displaced 	 circle    	          2	 2.1               	 standard  	 staircase      	              2	 stair2                  	 Part1|far_displaced|standard|stair2 	 1.5            	 -2.1               	       1.5084	            4.65  	        89	                89	                  0	                 83	 left          	                10.0	 -999              	       1	        5.933	             1	             0	                   2	             1	          0	        2.9698	         4.1609	 -999       	 -999                 	 -999      	 -999      	 -999      	 -999      	 -999      	 -999
      72	 temp   	 a      	 Part1	 far_displaced 	 circle    	          2	 2.1               	 varying   	 staircase      	              2	 stair2                  	 Part1|far_displaced|varying|stair2  	 1.5            	 -2.1               	       5.7084	            2.5668	        89	                89	                  0	                 83	 right         	                10.0	 -999              	       1	        5.932	             1	             0	                   2	             0	          0	        2.0766	         3.57  	 -999       	 -999                 	 -999      	 -999      	 -999      	 -999      	 -999      	 -999
      73	 temp   	 a      	 Part1	 far_displaced 	 circle    	          2	 1.3               	 standard  	 staircase      	              1	 stair1                  	 Part1|far_displaced|standard|stair1 	 0.7            	 -1.3               	       0.8461	            3.9877	        89	                89	                  0	                 77	 left          	                10.0	 -999              	       1	        5.866	             1	             0	                   2	             2	          0	        1.8962	         3.5027	 -999       	 -999                 	 -999      	 -999      	 -999      	 -999      	 -999      	 -999
      74	 temp   	 a      	 Part1	 far_displaced 	 circle    	          2	 1.3               	 varying   	 staircase      	              1	 stair1                  	 Part1|far_displaced|varying|stair1  	 0.7            	 -1.3               	       3.0064	            6.1479	        89	                89	                  0	                 75	 right         	                10.0	 -999              	       1	        5.85 	             1	             0	                   3	             0	          0	        2.08  	         2.6659	 3.9603     	 -999                 	 -999      	 -999      	 -999      	 -999      	 -999      	 -999
      75	 temp   	 a      	 Part1	 centred       	 circle    	          2	 0.2               	 standard  	 attention_check	              0	 n/a                     	 -999                                	 -999           	 -999               	       4.4572	            1.3156	        89	                89	                  0	                 85	 center        	                 0.0	 -999              	       1	        5.982	             1	             0	                   3	             1	          1	        2.5013	         3.3482	 4.5697     	 -999                 	 -999      	 -999      	 -999      	 -999      	 -999      	 -999
      76	 temp   	 a      	 Part1	 near_displaced	 circle    	          2	 1.5               	 standard  	 staircase      	              2	 stair2                  	 Part1|near_displaced|standard|stair2	 1.5            	 -1.5               	       4.7097	            1.5681	        89	                89	                  0	                 91	 left          	                 5.0	 -999              	       1	        6.183	             1	             0	                   2	             2	          0	        1.9468	         3.9464	 -999       	 -999                 	 -999      	 -999      	 -999      	 -999      	 -999      	 -999
      77	 temp   	 a      	 Part1	 far_displaced 	 circle    	          2	 2.1               	 standard  	 staircase      	              2	 stair2                  	 Part1|far_displaced|standard|stair2 	 1.5            	 -2.1               	       5.0637	            1.9221	        89	                89	                  0	                 87	 left          	                10.0	 -999              	       1	        6.165	             1	             0	                   2	             2	          0	        1.7789	         3.594 	 -999       	 -999                 	 -999      	 -999      	 -999      	 -999      	 -999      	 -999
      78	 temp   	 a      	 Part1	 centred       	 circle    	          2	 1.3               	 standard  	 staircase      	              1	 stair1                  	 Part1|centred|standard|stair1       	 0.7            	 -1.3               	       2.7094	            5.851 	        89	                89	                  0	                 86	 center        	                 0.0	 -999              	       1	        6.1  	             1	             0	                   2	             2	          2	        2.0423	         3.6953	 -999       	 -999                 	 -999      	 -999      	 -999      	 -999      	 -999      	 -999
      79	 temp   	 a      	 Part1	 centred       	 circle    	          2	 2.1               	 standard  	 staircase      	              2	 stair2                  	 Part1|centred|standard|stair2       	 1.5            	 -2.1               	       6.0625	            2.9209	        89	                89	                  0	                 83	 center        	                 0.0	 -999              	       1	        5.982	             1	             0	                   3	             0	          0	        2.0192	         2.5401	 4.0839     	 -999                 	 -999      	 -999      	 -999      	 -999      	 -999      	 -999
      80	 temp   	 a      	 Part1	 near_displaced	 circle    	          2	 0.7               	 standard  	 staircase      	              1	 stair1                  	 Part1|near_displaced|standard|stair1	 0.7            	 -0.7               	       4.8662	            1.7246	        89	                89	                  0	                 73	 right         	                 5.0	 -999              	       1	        5.883	             1	             0	                   2	             2	          2	        2.7743	         4.4491	 -999       	 -999                 	 -999      	 -999      	 -999      	 -999      	 -999      	 -999
      81	 temp   	 a      	 Part1	 centred       	 circle    	          2	 1.3               	 standard  	 staircase      	              1	 stair1                  	 Part1|centred|standard|stair1       	 0.7            	 -1.3               	       4.3087	            1.1671	        89	                89	                  0	                 91	 center        	                 0.0	 -999              	       1	        6.167	             1	             0	                   3	             2	          1	        2.1294	         3.2395	 3.8367     	 -999                 	 -999      	 -999      	 -999      	 -999      	 -999      	 -999
      82	 temp   	 a      	 Part1	 near_displaced	 circle    	          2	 1.5               	 standard  	 staircase      	              2	 stair2                  	 Part1|near_displaced|standard|stair2	 1.5            	 -1.5               	       0.6866	            3.8282	        89	                89	                  0	                 83	 left          	                 5.0	 -999              	       1	        6.032	             1	             0	                   3	             2	          1	        2.3039	         3.1151	 3.7354     	 -999                 	 -999      	 -999      	 -999      	 -999      	 -999      	 -999
      83	 temp   	 a      	 Part1	 far_displaced 	 circle    	          2	 1.3               	 standard  	 staircase      	              1	 stair1                  	 Part1|far_displaced|standard|stair1 	 0.7            	 -1.3               	       0.519 	            3.6606	        89	                89	                  0	                 86	 right         	                10.0	 -999              	       1	        6.182	             1	             0	                   2	             0	          0	        2.8478	         3.8001	 -999       	 -999                 	 -999      	 -999      	 -999      	 -999      	 -999      	 -999
      84	 temp   	 a      	 Part1	 centred       	 circle    	          2	 2.1               	 standard  	 staircase      	              2	 stair2                  	 Part1|centred|standard|stair2       	 1.5            	 -2.1               	       0.0167	            3.1583	        89	                89	                  0	                 79	 center        	                 0.0	 -999              	       1	        5.983	             1	             0	                   3	             0	          0	        1.8036	         3.2258	 4.3451     	 -999                 	 -999      	 -999      	 -999      	 -999      	 -999      	 -999
      85	 temp   	 a      	 Part1	 far_displaced 	 circle    	          2	 2.1               	 varying   	 staircase      	              2	 stair2                  	 Part1|far_displaced|varying|stair2  	 1.5            	 -2.1               	       5.5535	            2.4119	        89	                89	                  0	                 90	 right         	                10.0	 -999              	       1	        6.133	             1	             0	                   3	             0	          0	        2.4793	         3.1642	 4.0094     	 -999                 	 -999      	 -999      	 -999      	 -999      	 -999      	 -999
      86	 temp   	 a      	 Part1	 near_displaced	 circle    	          2	 0.2               	 varying   	 attention_check	              0	 n/a                     	 -999                                	 -999           	 -999               	       5.0118	            1.8702	        89	                89	                  0	                 95	 left          	                 5.0	 -999              	       1	        6.233	             1	             0	                   2	             0	          0	        2.3239	         4.2449	 -999       	 -999                 	 -999      	 -999      	 -999      	 -999      	 -999      	 -999
      87	 temp   	 a      	 Part1	 near_displaced	 circle    	          2	 1.0               	 standard  	 staircase      	              1	 stair1                  	 Part1|near_displaced|standard|stair1	 0.7            	 -1.0               	       6.1648	            3.0232	        89	                89	                  0	                 65	 left          	                 5.0	 -999              	       1	        5.849	             1	             0	                   2	             0	          0	        2.3354	         3.9889	 -999       	 -999                 	 -999      	 -999      	 -999      	 -999      	 -999      	 -999
      88	 temp   	 a      	 Part1	 centred       	 circle    	          2	 1.6               	 standard  	 staircase      	              1	 stair1                  	 Part1|centred|standard|stair1       	 0.7            	 -1.6               	       5.6404	            2.4989	        89	                89	                  0	                 94	 center        	                 0.0	 -999              	       1	        6.249	             1	             0	                   2	             2	          1	        2.6398	         4.5693	 -999       	 -999                 	 -999      	 -999      	 -999      	 -999      	 -999      	 -999
      89	 temp   	 a      	 Part1	 near_displaced	 circle    	          2	 2.1               	 varying   	 staircase      	              2	 stair2                  	 Part1|near_displaced|varying|stair2 	 1.5            	 -2.1               	       2.9485	            6.0901	        89	                89	                  0	                 69	 right         	                 5.0	 -999              	       1	        5.9  	             1	             0	                   2	             1	          1	        2.2935	         3.615 	 -999       	 -999                 	 -999      	 -999      	 -999      	 -999      	 -999      	 -999
      90	 temp   	 a      	 Part1	 far_displaced 	 circle    	          2	 1.3               	 varying   	 staircase      	              1	 stair1                  	 Part1|far_displaced|varying|stair1  	 0.7            	 -1.3               	       5.4461	            2.3045	        89	                89	                  0	                 71	 left          	                10.0	 -999              	       1	        5.95 	             1	             0	                   2	             1	          1	        1.8033	         3.6718	 -999       	 -999                 	 -999      	 -999      	 -999      	 -999      	 -999      	 -999
      91	 temp   	 a      	 Part1	 near_displaced	 circle    	          2	 1.3               	 varying   	 staircase      	              1	 stair1                  	 Part1|near_displaced|varying|stair1 	 0.7            	 -1.3               	       1.0323	            4.1739	        89	                89	                  0	                 67	 right         	                 5.0	 -999              	       1	        6.066	             1	             0	                   4	             0	          0	        1.7628	         2.4871	 3.3142     	 4.1806               	 -999      	 -999      	 -999      	 -999      	 -999      	 -999
      92	 temp   	 a      	 Part1	 far_displaced 	 circle    	          2	 2.1               	 varying   	 staircase      	              2	 stair2                  	 Part1|far_displaced|varying|stair2  	 1.5            	 -2.1               	       2.6689	            5.8105	        89	                89	                  0	                 97	 right         	                10.0	 -999              	       1	        6.333	             1	             0	                   2	             0	          0	        2.4401	         4.3516	 -999       	 -999                 	 -999      	 -999      	 -999      	 -999      	 -999      	 -999
      93	 temp   	 a      	 Part1	 far_displaced 	 circle    	          2	 1.6               	 varying   	 staircase      	              1	 stair1                  	 Part1|far_displaced|varying|stair1  	 0.7            	 -1.6               	       4.7202	            1.5786	        89	                89	                  0	                 87	 left          	                10.0	 -999              	       1	        6.199	             1	             0	                   3	             1	          1	        2.1025	         2.7366	 4.0903     	 -999                 	 -999      	 -999      	 -999      	 -999      	 -999      	 -999
      94	 temp   	 a      	 Part1	 centred       	 circle    	          2	 2.4               	 standard  	 staircase      	              2	 stair2                  	 Part1|centred|standard|stair2       	 1.5            	 -2.4               	       4.4319	            1.2903	        89	                89	                  0	                 95	 center        	                 0.0	 -999              	       1	        6.317	             1	             0	                   3	             2	          2	        1.9316	         3.4164	 4.1736     	 -999                 	 -999      	 -999      	 -999      	 -999      	 -999      	 -999
      95	 temp   	 a      	 Part1	 near_displaced	 circle    	          2	 1.8               	 standard  	 staircase      	              2	 stair2                  	 Part1|near_displaced|standard|stair2	 1.5            	 -1.8               	       5.1374	            1.9958	        89	                89	                  0	                 77	 right         	                 5.0	 -999              	       1	        6.083	             1	             0	                   2	             0	          0	        2.9115	         4.7323	 -999       	 -999                 	 -999      	 -999      	 -999      	 -999      	 -999      	 -999
      96	 temp   	 a      	 Part1	 centred       	 circle    	          2	 1.6               	 standard  	 staircase      	              1	 stair1                  	 Part1|centred|standard|stair1       	 0.7            	 -1.6               	       1.4415	            4.5831	        89	                89	                  0	                 86	 center        	                 0.0	 -999              	       1	        6.233	             1	             0	                   3	             0	          0	        1.7891	         2.5222	 3.9786     	 -999                 	 -999      	 -999      	 -999      	 -999      	 -999      	 -999
      97	 temp   	 a      	 Part1	 far_displaced 	 circle    	          2	 0.2               	 standard  	 attention_check	              0	 n/a                     	 -999                                	 -999           	 -999               	       5.3715	            2.2299	        89	                89	                  0	                 81	 left          	                10.0	 -999              	       1	        6.15 	             1	             0	                   2	             0	          0	        1.9989	         3.6863	 -999       	 -999                 	 -999      	 -999      	 -999      	 -999      	 -999      	 -999
      98	 temp   	 a      	 Part1	 near_displaced	 circle    	          2	 1.0               	 standard  	 staircase      	              1	 stair1                  	 Part1|near_displaced|standard|stair1	 0.7            	 -1.0               	       4.266 	            1.1244	        89	                89	                  0	                 62	 left          	                 5.0	 -999              	       1	        5.967	             1	             0	                   2	             2	          2	        2.6596	         4.3385	 -999       	 -999                 	 -999      	 -999      	 -999      	 -999      	 -999      	 -999
      99	 temp   	 a      	 Part1	 far_displaced 	 circle    	          2	 2.4               	 varying   	 staircase      	              2	 stair2                  	 Part1|far_displaced|varying|stair2  	 1.5            	 -2.4               	       2.2376	            5.3792	        89	                89	                  0	                 85	 right         	                10.0	 -999              	       1	        6.25 	             1	             0	                   3	             3	          2	        1.8641	         3.2044	 4.4156     	 -999                 	 -999      	 -999      	 -999      	 -999      	 -999      	 -999
     100	 temp   	 a      	 Part1	 near_displaced	 circle    	          2	 1.8               	 standard  	 staircase      	              2	 stair2                  	 Part1|near_displaced|standard|stair2	 1.5            	 -1.8               	       4.2077	            1.0661	        89	                89	                  0	                 78	 left          	                 5.0	 -999              	       1	        6.149	             1	             0	                   2	             1	          0	        2.3212	         4.004 	 -999       	 -999                 	 -999      	 -999      	 -999      	 -999      	 -999      	 -999
     101	 temp   	 a      	 Part1	 far_displaced 	 circle    	          2	 1.6               	 varying   	 staircase      	              1	 stair1                  	 Part1|far_displaced|varying|stair1  	 0.7            	 -1.6               	       0.9007	            4.0423	        89	                89	                  0	                 62	 right         	                10.0	 -999              	       1	        5.95 	             1	             0	                   2	             1	          1	        1.8796	         3.7877	 -999       	 -999                 	 -999      	 -999      	 -999      	 -999      	 -999      	 -999
     102	 temp   	 a      	 Part1	 far_displaced 	 circle    	          2	 2.4               	 varying   	 staircase      	              2	 stair2                  	 Part1|far_displaced|varying|stair2  	 1.5            	 -2.4               	       3.5395	            0.3979	        89	                89	                  0	                 68	 right         	                10.0	 -999              	       1	        6.032	             1	             0	                   3	             0	          0	        2.0191	         3.4336	 4.9555     	 -999                 	 -999      	 -999      	 -999      	 -999      	 -999      	 -999
     103	 temp   	 a      	 Part1	 far_displaced 	 circle    	          2	 2.1               	 standard  	 staircase      	              2	 stair2                  	 Part1|far_displaced|standard|stair2 	 1.5            	 -2.1               	       3.8087	            0.6671	        89	                89	                  0	                 81	 left          	                10.0	 -999              	       1	        6.233	             1	             0	                   3	             4	          3	        2.2697	         3.1669	 4.389      	 -999                 	 -999      	 -999      	 -999      	 -999      	 -999      	 -999
     104	 temp   	 a      	 Part1	 centred       	 circle    	          2	 2.4               	 standard  	 staircase      	              2	 stair2                  	 Part1|centred|standard|stair2       	 1.5            	 -2.4               	       4.0257	            0.8841	        89	                89	                  0	                 86	 center        	                 0.0	 -999              	       1	        6.299	             1	             0	                   3	             0	          0	        2.6814	         3.213 	 3.9957     	 -999                 	 -999      	 -999      	 -999      	 -999      	 -999      	 -999
     105	 temp   	 a      	 Part1	 centred       	 circle    	          2	 1.6               	 standard  	 staircase      	              1	 stair1                  	 Part1|centred|standard|stair1       	 0.7            	 -1.6               	       0.5171	            3.6587	        89	                89	                  0	                 84	 center        	                 0.0	 -999              	       1	        6.35 	             1	             0	                   2	             0	          0	        1.9773	         3.6365	 -999       	 -999                 	 -999      	 -999      	 -999      	 -999      	 -999      	 -999
     106	 temp   	 a      	 Part1	 far_displaced 	 circle    	          2	 1.6               	 standard  	 staircase      	              1	 stair1                  	 Part1|far_displaced|standard|stair1 	 0.7            	 -1.6               	       3.3805	            0.2389	        89	                89	                  0	                 74	 right         	                10.0	 -999              	       1	        6.534	             1	             0	                   3	             1	          1	        1.7364	         2.2437	 3.5018     	 -999                 	 -999      	 -999      	 -999      	 -999      	 -999      	 -999
     107	 temp   	 a      	 Part1	 near_displaced	 circle    	          2	 1.0               	 standard  	 staircase      	              1	 stair1                  	 Part1|near_displaced|standard|stair1	 0.7            	 -1.0               	       0.7294	            3.871 	        89	                89	                  0	                 76	 left          	                 5.0	 -999              	       1	        6.215	             1	             0	                   2	             2	          2	        3.0798	         4.997 	 -999       	 -999                 	 -999      	 -999      	 -999      	 -999      	 -999      	 -999
     108	 temp   	 a      	 Part1	 far_displaced 	 circle    	          2	 0.2               	 varying   	 attention_check	              0	 n/a                     	 -999                                	 -999           	 -999               	       4.616 	            1.4744	        89	                89	                  0	                 75	 left          	                10.0	 -999              	       1	        6.183	             1	             0	                   2	             0	          0	        2.5059	         4.3513	 -999       	 -999                 	 -999      	 -999      	 -999      	 -999      	 -999      	 -999
     109	 temp   	 a      	 Part1	 far_displaced 	 circle    	          2	 2.4               	 standard  	 staircase      	              2	 stair2                  	 Part1|far_displaced|standard|stair2 	 1.5            	 -2.4               	       1.5677	            4.7093	        89	                89	                  0	                 95	 right         	                10.0	 -999              	       1	        6.466	             1	             0	                   3	             1	          0	        1.737 	         3.4276	 4.3993     	 -999                 	 -999      	 -999      	 -999      	 -999      	 -999      	 -999
     110	 temp   	 a      	 Part1	 centred       	 circle    	          2	 2.4               	 standard  	 staircase      	              2	 stair2                  	 Part1|centred|standard|stair2       	 1.5            	 -2.4               	       4.1882	            1.0466	        89	                89	                  0	                 88	 center        	                 0.0	 -999              	       1	        6.375	             1	             0	                   2	             0	          0	        2.6586	         3.7041	 -999       	 -999                 	 -999      	 -999      	 -999      	 -999      	 -999      	 -999
     111	 temp   	 a      	 Part1	 near_displaced	 circle    	          2	 1.8               	 standard  	 staircase      	              2	 stair2                  	 Part1|near_displaced|standard|stair2	 1.5            	 -1.8               	       3.4553	            0.3137	        89	                89	                  0	                 67	 right         	                 5.0	 -999              	       1	        6.232	             1	             0	                   2	             2	          1	        2.9038	         4.8036	 -999       	 -999                 	 -999      	 -999      	 -999      	 -999      	 -999      	 -999
     112	 temp   	 a      	 Part1	 near_displaced	 circle    	          2	 2.1               	 varying   	 staircase      	              2	 stair2                  	 Part1|near_displaced|varying|stair2 	 1.5            	 -2.1               	       5.4161	            2.2745	        89	                89	                  0	                 67	 left          	                 5.0	 -999              	       1	        6.116	             1	             0	                   2	             0	          0	        2.9644	         4.8259	 -999       	 -999                 	 -999      	 -999      	 -999      	 -999      	 -999      	 -999
     113	 temp   	 a      	 Part1	 near_displaced	 circle    	          2	 1.3               	 standard  	 staircase      	              1	 stair1                  	 Part1|near_displaced|standard|stair1	 0.7            	 -1.3               	       5.2917	            2.1501	        89	                89	                  0	                 65	 right         	                 5.0	 -999              	       1	        6.083	             1	             0	                   2	             0	          0	        1.7045	         3.6127	 -999       	 -999                 	 -999      	 -999      	 -999      	 -999      	 -999      	 -999
     114	 temp   	 a      	 Part1	 centred       	 circle    	          2	 1.9000000000000001	 standard  	 staircase      	              1	 stair1                  	 Part1|centred|standard|stair1       	 0.7            	 -1.9000000000000001	       0.5677	            3.7093	        89	                89	                  0	                 86	 center        	                 0.0	 -999              	       1	        6.366	             1	             0	                   2	             0	          0	        2.0367	         3.5854	 -999       	 -999                 	 -999      	 -999      	 -999      	 -999      	 -999      	 -999
     115	 temp   	 a      	 Part1	 near_displaced	 circle    	          2	 2.1               	 standard  	 staircase      	              2	 stair2                  	 Part1|near_displaced|standard|stair2	 1.5            	 -2.1               	       3.0167	            6.1583	        89	                89	                  0	                 69	 left          	                 5.0	 -999              	       1	        6.166	             1	             0	                   2	             0	          0	        2.1899	         4.0227	 -999       	 -999                 	 -999      	 -999      	 -999      	 -999      	 -999      	 -999
     116	 temp   	 a      	 Part1	 far_displaced 	 circle    	          2	 1.6               	 varying   	 staircase      	              1	 stair1                  	 Part1|far_displaced|varying|stair1  	 0.7            	 -1.6               	       2.4548	            5.5964	        89	                89	                  0	                 83	 right         	                10.0	 -999              	       1	        6.399	             1	             0	                   3	             1	          0	        2.3105	         2.8224	 3.6395     	 -999                 	 -999      	 -999      	 -999      	 -999      	 -999      	 -999
     117	 temp   	 a      	 Part1	 far_displaced 	 circle    	          2	 1.6               	 standard  	 staircase      	              1	 stair1                  	 Part1|far_displaced|standard|stair1 	 0.7            	 -1.6               	       1.408 	            4.5496	        89	                89	                  0	                 87	 left          	                10.0	 -999              	       1	        6.433	             1	             0	                   2	             1	          1	        2.3529	         3.5596	 -999       	 -999                 	 -999      	 -999      	 -999      	 -999      	 -999      	 -999
     118	 temp   	 a      	 Part1	 far_displaced 	 circle    	          2	 2.4               	 standard  	 staircase      	              2	 stair2                  	 Part1|far_displaced|standard|stair2 	 1.5            	 -2.4               	       1.6976	            4.8392	        89	                89	                  0	                 81	 right         	                10.0	 -999              	       1	        6.485	             1	             0	                   2	             1	          1	        2.2099	         4.1956	 -999       	 -999                 	 -999      	 -999      	 -999      	 -999      	 -999      	 -999
     119	 temp   	 a      	 Part1	 centred       	 circle    	          2	 0.2               	 standard  	 attention_check	              0	 n/a                     	 -999                                	 -999           	 -999               	       3.3489	            0.2073	        89	                89	                  0	                 97	 center        	                 0.0	 -999              	       1	        6.581	             1	             0	                   2	             0	          0	        2.8453	         3.6951	 -999       	 -999                 	 -999      	 -999      	 -999      	 -999      	 -999      	 -999
     120	 temp   	 a      	 Part1	 far_displaced 	 circle    	          2	 1.6               	 standard  	 staircase      	              1	 stair1                  	 Part1|far_displaced|standard|stair1 	 0.7            	 -1.6               	       4.6032	            1.4616	        89	                89	                  0	                 65	 left          	                10.0	 -999              	       1	        6.149	             1	             0	                   2	             0	          0	        3.0535	         3.586 	 -999       	 -999                 	 -999      	 -999      	 -999      	 -999      	 -999      	 -999
     121	 temp   	 a      	 Part1	 far_displaced 	 circle    	          2	 2.4               	 standard  	 staircase      	              2	 stair2                  	 Part1|far_displaced|standard|stair2 	 1.5            	 -2.4               	       2.6734	            5.815 	        89	                89	                  0	                 66	 right         	                10.0	 -999              	       1	        6.249	             1	             0	                   2	             2	          2	        1.9107	         3.5841	 -999       	 -999                 	 -999      	 -999      	 -999      	 -999      	 -999      	 -999
     122	 temp   	 a      	 Part1	 far_displaced 	 circle    	          2	 1.9000000000000001	 standard  	 staircase      	              1	 stair1                  	 Part1|far_displaced|standard|stair1 	 0.7            	 -1.9000000000000001	       5.4627	            2.3211	        89	                89	                  0	                 86	 left          	                10.0	 -999              	       1	        6.466	             1	             0	                   3	             2	          1	        2.0628	         2.9407	 3.7857     	 -999                 	 -999      	 -999      	 -999      	 -999      	 -999      	 -999
     123	 temp   	 a      	 Part1	 far_displaced 	 circle    	          2	 2.5               	 standard  	 staircase      	              2	 stair2                  	 Part1|far_displaced|standard|stair2 	 1.5            	 -2.5               	       6.0619	            2.9203	        89	                89	                  0	                 90	 right         	                10.0	 -999              	       1	        6.583	             1	             0	                   2	             0	          0	        2.2282	         4.1817	 -999       	 -999                 	 -999      	 -999      	 -999      	 -999      	 -999      	 -999
     124	 temp   	 a      	 Part1	 near_displaced	 circle    	          2	 1.3               	 varying   	 staircase      	              1	 stair1                  	 Part1|near_displaced|varying|stair1 	 0.7            	 -1.3               	       0.7439	            3.8855	        89	                89	                  0	                 89	 left          	                 5.0	 -999              	       1	        6.599	             1	             0	                   2	             1	          1	        2.9622	         4.3229	 -999       	 -999                 	 -999      	 -999      	 -999      	 -999      	 -999      	 -999
     125	 temp   	 a      	 Part1	 near_displaced	 circle    	          2	 1.3               	 standard  	 staircase      	              1	 stair1                  	 Part1|near_displaced|standard|stair1	 0.7            	 -1.3               	       2.2406	            5.3822	        89	                89	                  0	                 75	 left          	                 5.0	 -999              	       1	        6.333	             1	             0	                   2	             0	          0	        3.0033	         3.5724	 -999       	 -999                 	 -999      	 -999      	 -999      	 -999      	 -999      	 -999
     126	 temp   	 a      	 Part1	 near_displaced	 circle    	          2	 2.1               	 standard  	 staircase      	              2	 stair2                  	 Part1|near_displaced|standard|stair2	 1.5            	 -2.1               	       4.5051	            1.3635	        89	                89	                  0	                 74	 right         	                 5.0	 -999              	       1	        6.399	             1	             0	                   3	             2	          0	        2.2193	         2.7242	 4.6925     	 -999                 	 -999      	 -999      	 -999      	 -999      	 -999      	 -999
     127	 temp   	 a      	 Part1	 far_displaced 	 circle    	          2	 2.4               	 varying   	 staircase      	              2	 stair2                  	 Part1|far_displaced|varying|stair2  	 1.5            	 -2.4               	       2.9556	            6.0972	        89	                89	                  0	                 64	 right         	                10.0	 -999              	       1	        6.216	             1	             0	                   2	             1	          1	        2.8685	         3.7697	 -999       	 -999                 	 -999      	 -999      	 -999      	 -999      	 -999      	 -999
     128	 temp   	 a      	 Part1	 far_displaced 	 circle    	          2	 1.9000000000000001	 standard  	 staircase      	              1	 stair1                  	 Part1|far_displaced|standard|stair1 	 0.7            	 -1.9000000000000001	       4.4763	            1.3347	        89	                89	                  0	                 93	 left          	                10.0	 -999              	       1	        6.616	             1	             0	                   2	             0	          0	        2.844 	         3.7698	 -999       	 -999                 	 -999      	 -999      	 -999      	 -999      	 -999      	 -999
     129	 temp   	 a      	 Part1	 near_displaced	 circle    	          2	 2.1               	 varying   	 staircase      	              2	 stair2                  	 Part1|near_displaced|varying|stair2 	 1.5            	 -2.1               	       0.1973	            3.3389	        89	                89	                  0	                 95	 left          	                 5.0	 -999              	       1	        6.833	             1	             0	                   2	             1	          0	        2.8956	         3.5169	 -999       	 -999                 	 -999      	 -999      	 -999      	 -999      	 -999      	 -999
     130	 temp   	 a      	 Part1	 near_displaced	 circle    	          2	 0.2               	 standard  	 attention_check	              0	 n/a                     	 -999                                	 -999           	 -999               	       2.8703	            6.0119	        89	                89	                  0	                 70	 right         	                 5.0	 -999              	       1	        6.4  	             1	             0	                   3	             0	          0	        2.0813	         3.0915	 4.0244     	 -999                 	 -999      	 -999      	 -999      	 -999      	 -999      	 -999
     131	 temp   	 a      	 Part1	 near_displaced	 circle    	          2	 1.6               	 varying   	 staircase      	              1	 stair1                  	 Part1|near_displaced|varying|stair1 	 0.7            	 -1.6               	       6.2566	            3.115 	        89	                89	                  0	                 86	 right         	                 5.0	 -999              	       1	        6.548	             1	             0	                   3	             1	          1	        1.9933	         3.2352	 3.8236     	 -999                 	 -999      	 -999      	 -999      	 -999      	 -999      	 -999
     132	 temp   	 a      	 Part1	 far_displaced 	 circle    	          2	 1.9000000000000001	 varying   	 staircase      	              1	 stair1                  	 Part1|far_displaced|varying|stair1  	 0.7            	 -1.9000000000000001	       2.3935	            5.5351	        89	                89	                  0	                 91	 left          	                10.0	 -999              	       1	        6.633	             1	             0	                   2	             3	          1	        2.325 	         4.2399	 -999       	 -999                 	 -999      	 -999      	 -999      	 -999      	 -999      	 -999
     133	 temp   	 a      	 Part1	 centred       	 circle    	          2	 2.5               	 standard  	 staircase      	              2	 stair2                  	 Part1|centred|standard|stair2       	 1.5            	 -2.5               	       1.7262	            4.8678	        89	                89	                  0	                 90	 center        	                 0.0	 -999              	       1	        6.65 	             1	             0	                   2	             1	          1	        3.1998	         4.3557	 -999       	 -999                 	 -999      	 -999      	 -999      	 -999      	 -999      	 -999
     134	 temp   	 a      	 Part1	 centred       	 circle    	          2	 1.9000000000000001	 standard  	 staircase      	              1	 stair1                  	 Part1|centred|standard|stair1       	 0.7            	 -1.9000000000000001	       5.5578	            2.4162	        89	                89	                  0	                 70	 center        	                 0.0	 -999              	       1	        6.55 	             1	             0	                   2	             1	          1	        2.9064	         4.4162	 -999       	 -999                 	 -999      	 -999      	 -999      	 -999      	 -999      	 -999
     135	 temp   	 a      	 Part1	 far_displaced 	 circle    	          2	 2.5               	 varying   	 staircase      	              2	 stair2                  	 Part1|far_displaced|varying|stair2  	 1.5            	 -2.5               	       3.8966	            0.755 	        89	                89	                  0	                 85	 right         	                10.0	 -999              	       1	        6.716	             1	             0	                   3	             2	          0	        2.3922	         3.0143	 3.5572     	 -999                 	 -999      	 -999      	 -999      	 -999      	 -999      	 -999
     136	 temp   	 a      	 Part1	 near_displaced	 circle    	          2	 1.3               	 standard  	 staircase      	              1	 stair1                  	 Part1|near_displaced|standard|stair1	 0.7            	 -1.3               	       2.5024	            5.644 	        89	                89	                  0	                 64	 left          	                 5.0	 -999              	       1	        6.299	             1	             0	                   3	             0	          0	        2.2176	         3.0278	 4.6628     	 -999                 	 -999      	 -999      	 -999      	 -999      	 -999      	 -999
     137	 temp   	 a      	 Part1	 centred       	 circle    	          2	 2.5               	 standard  	 staircase      	              2	 stair2                  	 Part1|centred|standard|stair2       	 1.5            	 -2.5               	       3.6674	            0.5259	        89	                89	                  0	                 83	 center        	                 0.0	 -999              	       1	        6.6  	             1	             0	                   3	             2	          1	        1.8653	         3.1952	 4.151      	 -999                 	 -999      	 -999      	 -999      	 -999      	 -999      	 -999
     138	 temp   	 a      	 Part1	 far_displaced 	 circle    	          2	 2.5               	 standard  	 staircase      	              2	 stair2                  	 Part1|far_displaced|standard|stair2 	 1.5            	 -2.5               	       2.7864	            5.9279	        89	                89	                  0	                 64	 right         	                10.0	 -999              	       1	        6.383	             1	             0	                   3	             4	          1	        2.1098	         3.0582	 3.6607     	 -999                 	 -999      	 -999      	 -999      	 -999      	 -999      	 -999
     139	 temp   	 a      	 Part1	 centred       	 circle    	          2	 1.9000000000000001	 standard  	 staircase      	              1	 stair1                  	 Part1|centred|standard|stair1       	 0.7            	 -1.9000000000000001	       1.5044	            4.646 	        89	                89	                  0	                 87	 center        	                 0.0	 -999              	       1	        6.683	             1	             0	                   2	             2	          0	        2.7556	         3.9794	 -999       	 -999                 	 -999      	 -999      	 -999      	 -999      	 -999      	 -999
     140	 temp   	 a      	 Part1	 centred       	 circle    	          2	 2.5               	 standard  	 staircase      	              2	 stair2                  	 Part1|centred|standard|stair2       	 1.5            	 -2.5               	       3.5705	            0.4289	        89	                89	                  0	                 80	 center        	                 0.0	 -999              	       1	        6.582	             1	             0	                   2	             1	          0	        2.2147	         3.6254	 -999       	 -999                 	 -999      	 -999      	 -999      	 -999      	 -999      	 -999
     141	 temp   	 a      	 Part1	 near_displaced	 circle    	          2	 0.2               	 varying   	 attention_check	              0	 n/a                     	 -999                                	 -999           	 -999               	       1.6025	            4.7441	        89	                89	                  0	                 81	 left          	                 5.0	 -999              	       1	        6.7  	             1	             0	                   3	             1	          1	        2.8133	         3.4688	 5.4591     	 -999                 	 -999      	 -999      	 -999      	 -999      	 -999      	 -999
     142	 temp   	 a      	 Part1	 far_displaced 	 circle    	          2	 1.9000000000000001	 standard  	 staircase      	              1	 stair1                  	 Part1|far_displaced|standard|stair1 	 0.7            	 -1.9000000000000001	       0.2411	            3.3827	        89	                89	                  0	                 91	 left          	                10.0	 -999              	       1	        6.733	             1	             0	                   2	             0	          0	        2.462 	         4.0294	 -999       	 -999                 	 -999      	 -999      	 -999      	 -999      	 -999      	 -999
     143	 temp   	 a      	 Part1	 far_displaced 	 circle    	          2	 1.9000000000000001	 varying   	 staircase      	              1	 stair1                  	 Part1|far_displaced|varying|stair1  	 0.7            	 -1.9000000000000001	       0.588 	            3.7296	        89	                89	                  0	                 97	 right         	                10.0	 -999              	       1	        6.848	             1	             0	                   2	             1	          1	        2.6364	         3.8556	 -999       	 -999                 	 -999      	 -999      	 -999      	 -999      	 -999      	 -999
     144	 temp   	 a      	 Part1	 near_displaced	 circle    	          2	 2.1               	 standard  	 staircase      	              2	 stair2                  	 Part1|near_displaced|standard|stair2	 1.5            	 -2.1               	       2.9549	            6.0965	        89	                89	                  0	                 65	 right         	                 5.0	 -999              	       1	        6.399	             1	             0	                   2	             2	          2	        2.4666	         4.0458	 -999       	 -999                 	 -999      	 -999      	 -999      	 -999      	 -999      	 -999
     145	 temp   	 a      	 Part1	 near_displaced	 circle    	          2	 1.6               	 standard  	 staircase      	              1	 stair1                  	 Part1|near_displaced|standard|stair1	 0.7            	 -1.6               	       5.7809	            2.6393	        89	                89	                  0	                 84	 left          	                 5.0	 -999              	       1	        6.683	             1	             0	                   2	             2	          0	        2.9968	         4.4301	 -999       	 -999                 	 -999      	 -999      	 -999      	 -999      	 -999      	 -999
     146	 temp   	 a      	 Part1	 far_displaced 	 circle    	          2	 2.5               	 varying   	 staircase      	              2	 stair2                  	 Part1|far_displaced|varying|stair2  	 1.5            	 -2.5               	       1.5062	            4.6478	        89	                89	                  0	                 65	 right         	                10.0	 -999              	       1	        6.45 	             1	             0	                   2	             2	          1	        2.9838	         4.6436	 -999       	 -999                 	 -999      	 -999      	 -999      	 -999      	 -999      	 -999
     147	 temp   	 a      	 Part1	 near_displaced	 circle    	          2	 2.4               	 varying   	 staircase      	              2	 stair2                  	 Part1|near_displaced|varying|stair2 	 1.5            	 -2.4               	       3.8962	            0.7546	        89	                89	                  0	                 82	 left          	                 5.0	 -999              	       1	        6.916	             1	             0	                   3	             1	          1	        2.0822	         3.3902	 4.4813     	 -999                 	 -999      	 -999      	 -999      	 -999      	 -999      	 -999
     148	 temp   	 a      	 Part1	 far_displaced 	 circle    	          2	 2.5               	 standard  	 staircase      	              2	 stair2                  	 Part1|far_displaced|standard|stair2 	 1.5            	 -2.5               	       4.9332	            1.7916	        89	                89	                  0	                 70	 left          	                10.0	 -999              	       1	        6.516	             1	             0	                   3	             1	          1	        1.7736	         2.346 	 4.231      	 -999                 	 -999      	 -999      	 -999      	 -999      	 -999      	 -999
     149	 temp   	 a      	 Part1	 near_displaced	 circle    	          2	 1.6               	 varying   	 staircase      	              1	 stair1                  	 Part1|near_displaced|varying|stair1 	 0.7            	 -1.6               	       5.8092	            2.6676	        89	                89	                  0	                 73	 right         	                 5.0	 -999              	       1	        6.733	             1	             0	                   2	             6	          1	        2.6296	         4.0708	 -999       	 -999                 	 -999      	 -999      	 -999      	 -999      	 -999      	 -999
     150	 temp   	 a      	 Part1	 near_displaced	 circle    	          2	 2.4               	 standard  	 staircase      	              2	 stair2                  	 Part1|near_displaced|standard|stair2	 1.5            	 -2.4               	       4.9413	            1.7997	        89	                89	                  0	                 61	 right         	                 5.0	 -999              	       1	        6.533	             1	             0	                   2	             1	          1	        2.4472	         3.904 	 -999       	 -999                 	 -999      	 -999      	 -999      	 -999      	 -999      	 -999
     151	 temp   	 a      	 Part1	 near_displaced	 circle    	          2	 2.4               	 varying   	 staircase      	              2	 stair2                  	 Part1|near_displaced|varying|stair2 	 1.5            	 -2.4               	       1.9883	            5.1299	        89	                89	                  0	                 63	 left          	                 5.0	 -999              	       1	        6.499	             1	             0	                   2	             2	          1	        2.9725	         4.7965	 -999       	 -999                 	 -999      	 -999      	 -999      	 -999      	 -999      	 -999
     152	 temp   	 a      	 Part1	 near_displaced	 circle    	          2	 0.2               	 standard  	 attention_check	              0	 n/a                     	 -999                                	 -999           	 -999               	       1.7595	            4.901 	        89	                89	                  0	                 70	 right         	                 5.0	 -999              	       1	        6.666	             1	             0	                   2	             1	          1	        2.6291	         4.2776	 -999       	 -999                 	 -999      	 -999      	 -999      	 -999      	 -999      	 -999
     153	 temp   	 a      	 Part1	 centred       	 circle    	          2	 2.2               	 standard  	 staircase      	              1	 stair1                  	 Part1|centred|standard|stair1       	 0.7            	 -2.2               	       1.9515	            5.093 	        89	                89	                  0	                 91	 center        	                 0.0	 -999              	       1	        6.833	             1	             0	                   3	             1	          1	        2.2203	         3.2675	 4.6591     	 -999                 	 -999      	 -999      	 -999      	 -999      	 -999      	 -999
     154	 temp   	 a      	 Part1	 near_displaced	 circle    	          2	 1.6               	 standard  	 staircase      	              1	 stair1                  	 Part1|near_displaced|standard|stair1	 0.7            	 -1.6               	       4.0563	            0.9147	        89	                89	                  0	                 81	 left          	                 5.0	 -999              	       1	        6.749	             1	             0	                   2	             0	          0	        3.0017	         3.6974	 -999       	 -999                 	 -999      	 -999      	 -999      	 -999      	 -999      	 -999
     155	 temp   	 a      	 Part1	 far_displaced 	 circle    	          2	 1.9000000000000001	 varying   	 staircase      	              1	 stair1                  	 Part1|far_displaced|varying|stair1  	 0.7            	 -1.9000000000000001	       2.5821	            5.7237	        89	                89	                  0	                 69	 left          	                10.0	 -999              	       1	        6.724	             1	             0	                   3	             2	          1	        1.7517	         2.8577	 4.4763     	 -999                 	 -999      	 -999      	 -999      	 -999      	 -999      	 -999
     156	 temp   	 a      	 Part1	 far_displaced 	 circle    	          2	 2.2               	 standard  	 staircase      	              1	 stair1                  	 Part1|far_displaced|standard|stair1 	 0.7            	 -2.2               	       3.1041	            6.2457	        89	                89	                  0	                 97	 right         	                10.0	 -999              	       1	        7.058	             1	             0	                   2	             1	          1	        2.4323	         4.3022	 -999       	 -999                 	 -999      	 -999      	 -999      	 -999      	 -999      	 -999
     157	 temp   	 a      	 Part1	 far_displaced 	 circle    	          2	 2.5               	 standard  	 staircase      	              2	 stair2                  	 Part1|far_displaced|standard|stair2 	 1.5            	 -2.5               	       1.527 	            4.6686	        89	                89	                  0	                 60	 right         	                10.0	 -999              	       1	        6.633	             1	             0	                   3	             2	          0	        2.0755	         2.6468	 4.3645     	 -999                 	 -999      	 -999      	 -999      	 -999      	 -999      	 -999
     158	 temp   	 a      	 Part1	 near_displaced	 circle    	          2	 1.6               	 varying   	 staircase      	              1	 stair1                  	 Part1|near_displaced|varying|stair1 	 0.7            	 -1.6               	       2.8007	            5.9423	        89	                89	                  0	                 69	 left          	                 5.0	 -999              	       1	        6.803	             1	             0	                   3	             0	          0	        2.7366	         3.2991	 4.5151     	 -999                 	 -999      	 -999      	 -999      	 -999      	 -999      	 -999
     159	 temp   	 a      	 Part1	 near_displaced	 circle    	          2	 2.4               	 varying   	 staircase      	              2	 stair2                  	 Part1|near_displaced|varying|stair2 	 1.5            	 -2.4               	       1.4884	            4.63  	        89	                89	                  0	                 72	 right         	                 5.0	 -999              	       1	        6.813	             1	             0	                   2	             2	          2	        2.9524	         4.0416	 -999       	 -999                 	 -999      	 -999      	 -999      	 -999      	 -999      	 -999
     160	 temp   	 a      	 Part1	 far_displaced 	 circle    	          2	 2.5               	 varying   	 staircase      	              2	 stair2                  	 Part1|far_displaced|varying|stair2  	 1.5            	 -2.5               	       4.4345	            1.2929	        89	                89	                  0	                 66	 left          	                10.0	 -999              	       1	        6.599	             1	             0	                   2	             7	          4	        2.7711	         4.516 	 -999       	 -999                 	 -999      	 -999      	 -999      	 -999      	 -999      	 -999
     161	 temp   	 a      	 Part1	 near_displaced	 circle    	          2	 1.9000000000000001	 varying   	 staircase      	              1	 stair1                  	 Part1|near_displaced|varying|stair1 	 0.7            	 -1.9000000000000001	       0.1809	            3.3225	        89	                89	                  0	                 84	 right         	                 5.0	 -999              	       1	        6.933	             1	             0	                   3	             1	          1	        1.9746	         3.0594	 4.8709     	 -999                 	 -999      	 -999      	 -999      	 -999      	 -999      	 -999
     162	 temp   	 a      	 Part1	 near_displaced	 circle    	          2	 2.4               	 standard  	 staircase      	              2	 stair2                  	 Part1|near_displaced|standard|stair2	 1.5            	 -2.4               	       2.9386	            6.0802	        89	                89	                  0	                 93	 left          	                 5.0	 -999              	       1	        7.101	             1	             0	                   3	             1	          0	        2.3533	         2.9737	 4.0142     	 -999                 	 -999      	 -999      	 -999      	 -999      	 -999      	 -999
     163	 temp   	 a      	 Part1	 far_displaced 	 circle    	          2	 0.2               	 standard  	 attention_check	              0	 n/a                     	 -999                                	 -999           	 -999               	       4.2467	            1.1051	        89	                89	                  0	                 68	 left          	                10.0	 -999              	       1	        6.648	             1	             0	                   2	             0	          0	        2.1813	         3.6204	 -999       	 -999                 	 -999      	 -999      	 -999      	 -999      	 -999      	 -999
     164	 temp   	 a      	 Part1	 far_displaced 	 circle    	          2	 2.2               	 standard  	 staircase      	              1	 stair1                  	 Part1|far_displaced|standard|stair1 	 0.7            	 -2.2               	       0.7707	            3.9123	        89	                89	                  0	                 91	 right         	                10.0	 -999              	       1	        6.949	             1	             0	                   2	             0	          0	        2.0038	         3.7537	 -999       	 -999                 	 -999      	 -999      	 -999      	 -999      	 -999      	 -999
     165	 temp   	 a      	 Part1	 centred       	 circle    	          2	 2.5               	 standard  	 staircase      	              2	 stair2                  	 Part1|centred|standard|stair2       	 1.5            	 -2.5               	       1.4772	            4.6188	        89	                89	                  0	                 72	 center        	                 0.0	 -999              	       1	        6.733	             1	             0	                   2	             0	          0	        2.4982	         4.1507	 -999       	 -999                 	 -999      	 -999      	 -999      	 -999      	 -999      	 -999
     166	 temp   	 a      	 Part1	 near_displaced	 circle    	          2	 1.6               	 standard  	 staircase      	              1	 stair1                  	 Part1|near_displaced|standard|stair1	 0.7            	 -1.6               	       1.9115	            5.0531	        89	                89	                  0	                 92	 right         	                 5.0	 -999              	       1	        6.966	             1	             0	                   2	             0	          0	        2.743 	         4.1485	 -999       	 -999                 	 -999      	 -999      	 -999      	 -999      	 -999      	 -999
     167	 temp   	 a      	 Part1	 far_displaced 	 circle    	          2	 2.5               	 standard  	 staircase      	              2	 stair2                  	 Part1|far_displaced|standard|stair2 	 1.5            	 -2.5               	       4.0047	            0.8631	        89	                89	                  0	                 68	 left          	                10.0	 -999              	       1	        6.88 	             1	             0	                   3	             1	          1	        2.2733	         3.0099	 4.9789     	 -999                 	 -999      	 -999      	 -999      	 -999      	 -999      	 -999
     168	 temp   	 a      	 Part1	 centred       	 circle    	          2	 2.2               	 standard  	 staircase      	              1	 stair1                  	 Part1|centred|standard|stair1       	 0.7            	 -2.2               	       4.5666	            1.425 	        89	                89	                  0	                 74	 center        	                 0.0	 -999              	       1	        6.8  	             1	             0	                   2	             1	          0	        2.3198	         3.8378	 -999       	 -999                 	 -999      	 -999      	 -999      	 -999      	 -999      	 -999
     169	 temp   	 a      	 Part1	 centred       	 circle    	          2	 2.5               	 standard  	 staircase      	              2	 stair2                  	 Part1|centred|standard|stair2       	 1.5            	 -2.5               	       0.3692	            3.5108	        89	                89	                  0	                 69	 center        	                 0.0	 -999              	       1	        6.749	             1	             0	                   4	             0	          0	        2.2971	         2.8668	 3.4495     	 4.1531               	 -999      	 -999      	 -999      	 -999      	 -999      	 -999
     170	 temp   	 a      	 Part1	 near_displaced	 circle    	          2	 2.5               	 varying   	 staircase      	              2	 stair2                  	 Part1|near_displaced|varying|stair2 	 1.5            	 -2.5               	       0.1974	            3.339 	        89	                89	                  0	                 60	 left          	                 5.0	 -999              	       1	        6.6  	             1	             0	                   3	             1	          1	        1.9607	         3.0354	 3.7597     	 -999                 	 -999      	 -999      	 -999      	 -999      	 -999      	 -999
     171	 temp   	 a      	 Part1	 far_displaced 	 circle    	          2	 2.2               	 standard  	 staircase      	              1	 stair1                  	 Part1|far_displaced|standard|stair1 	 0.7            	 -2.2               	       1.6632	            4.8048	        89	                89	                  0	                 78	 right         	                10.0	 -999              	       1	        6.933	             1	             0	                   2	             0	          0	        2.7814	         3.6996	 -999       	 -999                 	 -999      	 -999      	 -999      	 -999      	 -999      	 -999
     172	 temp   	 a      	 Part1	 near_displaced	 circle    	          2	 1.9000000000000001	 varying   	 staircase      	              1	 stair1                  	 Part1|near_displaced|varying|stair1 	 0.7            	 -1.9000000000000001	       3.5571	            0.4155	        89	                89	                  0	                 94	 right         	                 5.0	 -999              	       1	        7.232	             1	             0	                   2	             1	          1	        2.9863	         4.651 	 -999       	 -999                 	 -999      	 -999      	 -999      	 -999      	 -999      	 -999
     173	 temp   	 a      	 Part1	 near_displaced	 circle    	          2	 2.5               	 varying   	 staircase      	              2	 stair2                  	 Part1|near_displaced|varying|stair2 	 1.5            	 -2.5               	       2.1474	            5.289 	        89	                89	                  0	                 85	 left          	                 5.0	 -999              	       1	        7.016	             1	             0	                   3	             3	          0	        1.8872	         2.7129	 4.6022     	 -999                 	 -999      	 -999      	 -999      	 -999      	 -999      	 -999
     174	 temp   	 a      	 Part1	 centred       	 circle    	          2	 0.2               	 standard  	 attention_check	              0	 n/a                     	 -999                                	 -999           	 -999               	       0.6068	            3.7484	        89	                89	                  0	                 91	 center        	                 0.0	 -999              	       1	        7.033	             1	             0	                   2	             0	          0	        2.7165	         3.9222	 -999       	 -999                 	 -999      	 -999      	 -999      	 -999      	 -999      	 -999
     175	 temp   	 a      	 Part1	 near_displaced	 circle    	          2	 2.4               	 standard  	 staircase      	              2	 stair2                  	 Part1|near_displaced|standard|stair2	 1.5            	 -2.4               	       0.5918	            3.7334	        89	                89	                  0	                 73	 left          	                 5.0	 -999              	       1	        6.849	             1	             0	                   2	             2	          0	        2.0093	         3.6019	 -999       	 -999                 	 -999      	 -999      	 -999      	 -999      	 -999      	 -999
     176	 temp   	 a      	 Part1	 far_displaced 	 circle    	          2	 2.5               	 standard  	 staircase      	              2	 stair2                  	 Part1|far_displaced|standard|stair2 	 1.5            	 -2.5               	       5.3435	            2.2019	        89	                89	                  0	                 87	 right         	                10.0	 -999              	       1	        7.05 	             1	             0	                   2	             1	          0	        3.1482	         3.9311	 -999       	 -999                 	 -999      	 -999      	 -999      	 -999      	 -999      	 -999
     177	 temp   	 a      	 Part1	 far_displaced 	 circle    	          2	 2.5               	 standard  	 staircase      	              1	 stair1                  	 Part1|far_displaced|standard|stair1 	 0.7            	 -2.5               	       2.8651	            6.0066	        89	                89	                  0	                 87	 right         	                10.0	 -999              	       1	        7.133	             1	             0	                   2	             4	          3	        3.169 	         4.0783	 -999       	 -999                 	 -999      	 -999      	 -999      	 -999      	 -999      	 -999
     178	 temp   	 a      	 Part1	 far_displaced 	 circle    	          2	 2.5               	 standard  	 staircase      	              2	 stair2                  	 Part1|far_displaced|standard|stair2 	 1.5            	 -2.5               	       2.9472	            6.0888	        89	                89	                  0	                 96	 left          	                10.0	 -999              	       1	        7.182	             1	             0	                   2	             1	          0	        3.1822	         4.9993	 -999       	 -999                 	 -999      	 -999      	 -999      	 -999      	 -999      	 -999
     179	 temp   	 a      	 Part1	 centred       	 circle    	          2	 2.2               	 standard  	 staircase      	              1	 stair1                  	 Part1|centred|standard|stair1       	 0.7            	 -2.2               	       1.9023	            5.0439	        89	                89	                  0	                 75	 center        	                 0.0	 -999              	       1	        6.883	             1	             0	                   4	             0	          0	        2.0847	         2.7244	 3.4388     	 4.0301               	 -999      	 -999      	 -999      	 -999      	 -999      	 -999
     180	 temp   	 a      	 Part1	 centred       	 circle    	          2	 2.5               	 standard  	 staircase      	              2	 stair2                  	 Part1|centred|standard|stair2       	 1.5            	 -2.5               	       5.4411	            2.2995	        89	                89	                  0	                 60	 center        	                 0.0	 -999              	       1	        6.7  	             1	             0	                   3	             2	          2	        1.8542	         2.4688	 4.0382     	 -999                 	 -999      	 -999      	 -999      	 -999      	 -999      	 -999
     181	 temp   	 a      	 Part1	 centred       	 circle    	          2	 2.5               	 standard  	 staircase      	              1	 stair1                  	 Part1|centred|standard|stair1       	 0.7            	 -2.5               	       2.9165	            6.0581	        89	                89	                  0	                 77	 center        	                 0.0	 -999              	       1	        7.016	             1	             0	                   2	             2	          1	        2.8947	         3.9967	 -999       	 -999                 	 -999      	 -999      	 -999      	 -999      	 -999      	 -999
     182	 temp   	 a      	 Part1	 far_displaced 	 circle    	          2	 2.2               	 varying   	 staircase      	              1	 stair1                  	 Part1|far_displaced|varying|stair1  	 0.7            	 -2.2               	       6.1051	            2.9635	        89	                89	                  0	                 76	 right         	                10.0	 -999              	       1	        7.083	             1	             0	                   2	             1	          1	        2.7757	         3.7908	 -999       	 -999                 	 -999      	 -999      	 -999      	 -999      	 -999      	 -999
     183	 temp   	 a      	 Part1	 far_displaced 	 circle    	          2	 2.5               	 varying   	 staircase      	              2	 stair2                  	 Part1|far_displaced|varying|stair2  	 1.5            	 -2.5               	       3.3466	            0.205 	        89	                89	                  0	                 75	 left          	                10.0	 -999              	       1	        6.964	             1	             0	                   4	             3	          1	        1.8289	         2.4449	 3.1189     	 3.9487               	 -999      	 -999      	 -999      	 -999      	 -999      	 -999
     184	 temp   	 a      	 Part1	 near_displaced	 circle    	          2	 1.9000000000000001	 varying   	 staircase      	              1	 stair1                  	 Part1|near_displaced|varying|stair1 	 0.7            	 -1.9000000000000001	       3.7401	            0.5985	        89	                89	                  0	                 80	 left          	                 5.0	 -999              	       1	        6.999	             1	             0	                   2	             0	          0	        3.0094	         4.5377	 -999       	 -999                 	 -999      	 -999      	 -999      	 -999      	 -999      	 -999
     185	 temp   	 a      	 Part1	 far_displaced 	 circle    	          2	 0.2               	 varying   	 attention_check	              0	 n/a                     	 -999                                	 -999           	 -999               	       3.9733	            0.8317	        89	                89	                  0	                 83	 right         	                10.0	 -999              	       1	        7.05 	             1	             0	                   2	             1	          1	        3.1858	         4.8269	 -999       	 -999                 	 -999      	 -999      	 -999      	 -999      	 -999      	 -999
     186	 temp   	 a      	 Part1	 near_displaced	 circle    	          2	 1.9000000000000001	 standard  	 staircase      	              1	 stair1                  	 Part1|near_displaced|standard|stair1	 0.7            	 -1.9000000000000001	       2.7425	            5.8841	        89	                89	                  0	                 71	 left          	                 5.0	 -999              	       1	        6.933	             1	             0	                   3	             0	          0	        2.3256	         3.205 	 4.3414     	 -999                 	 -999      	 -999      	 -999      	 -999      	 -999      	 -999
     187	 temp   	 a      	 Part1	 centred       	 circle    	          2	 2.5               	 standard  	 staircase      	              2	 stair2                  	 Part1|centred|standard|stair2       	 1.5            	 -2.5               	       4.3187	            1.1771	        89	                89	                  0	                 78	 center        	                 0.0	 -999              	       1	        7.0  	             1	             0	                   3	             1	          1	        2.3417	         3.1812	 3.9975     	 -999                 	 -999      	 -999      	 -999      	 -999      	 -999      	 -999
     188	 temp   	 a      	 Part1	 centred       	 circle    	          2	 2.5               	 standard  	 staircase      	              1	 stair1                  	 Part1|centred|standard|stair1       	 0.7            	 -2.5               	       4.199 	            1.0574	        89	                89	                  0	                 94	 center        	                 0.0	 -999              	       1	        7.233	             1	             0	                   3	             2	          0	        2.5572	         3.3948	 4.8621     	 -999                 	 -999      	 -999      	 -999      	 -999      	 -999      	 -999
     189	 temp   	 a      	 Part1	 near_displaced	 circle    	          2	 2.5               	 varying   	 staircase      	              2	 stair2                  	 Part1|near_displaced|varying|stair2 	 1.5            	 -2.5               	       0.2005	            3.3421	        89	                89	                  0	                 80	 right         	                 5.0	 -999              	       1	        7.017	             1	             0	                   3	             1	          1	        1.924 	         3.3905	 5.0364     	 -999                 	 -999      	 -999      	 -999      	 -999      	 -999      	 -999
     190	 temp   	 a      	 Part1	 near_displaced	 circle    	          2	 2.2               	 varying   	 staircase      	              1	 stair1                  	 Part1|near_displaced|varying|stair1 	 0.7            	 -2.2               	       3.1874	            0.0458	        89	                89	                  0	                 67	 left          	                 5.0	 -999              	       1	        6.933	             1	             0	                   2	             2	          2	        2.8717	         3.5509	 -999       	 -999                 	 -999      	 -999      	 -999      	 -999      	 -999      	 -999
     191	 temp   	 a      	 Part1	 centred       	 circle    	          2	 2.5               	 standard  	 staircase      	              2	 stair2                  	 Part1|centred|standard|stair2       	 1.5            	 -2.5               	       1.8264	            4.968 	        89	                89	                  0	                 72	 center        	                 0.0	 -999              	       1	        7.0  	             1	             0	                   2	             2	          0	        2.6573	         3.7223	 -999       	 -999                 	 -999      	 -999      	 -999      	 -999      	 -999      	 -999
     192	 temp   	 a      	 Part1	 near_displaced	 circle    	          2	 2.5               	 standard  	 staircase      	              2	 stair2                  	 Part1|near_displaced|standard|stair2	 1.5            	 -2.5               	       5.9755	            2.8339	        89	                89	                  0	                 61	 right         	                 5.0	 -999              	       1	        6.951	             1	             0	                   2	             1	          0	        2.8997	         4.5742	 -999       	 -999                 	 -999      	 -999      	 -999      	 -999      	 -999      	 -999
     193	 temp   	 a      	 Part1	 near_displaced	 circle    	          2	 1.9000000000000001	 standard  	 staircase      	              1	 stair1                  	 Part1|near_displaced|standard|stair1	 0.7            	 -1.9000000000000001	       5.3219	            2.1803	        89	                89	                  0	                 90	 right         	                 5.0	 -999              	       1	        7.282	             1	             0	                   3	             2	          0	        1.9737	         3.3125	 4.1297     	 -999                 	 -999      	 -999      	 -999      	 -999      	 -999      	 -999
     194	 temp   	 a      	 Part1	 far_displaced 	 circle    	          2	 2.5               	 standard  	 staircase      	              1	 stair1                  	 Part1|far_displaced|standard|stair1 	 0.7            	 -2.5               	       4.6673	            1.5258	        89	                89	                  0	                 70	 left          	                10.0	 -999              	       1	        6.966	             1	             0	                   2	             0	          0	        2.5862	         3.6449	 -999       	 -999                 	 -999      	 -999      	 -999      	 -999      	 -999      	 -999
     195	 temp   	 a      	 Part1	 far_displaced 	 circle    	          2	 2.5               	 standard  	 staircase      	              2	 stair2                  	 Part1|far_displaced|standard|stair2 	 1.5            	 -2.5               	       2.2292	            5.3708	        89	                89	                  0	                 72	 right         	                10.0	 -999              	       1	        7.166	             1	             0	                   2	             0	          0	        2.2725	         3.9951	 -999       	 -999                 	 -999      	 -999      	 -999      	 -999      	 -999      	 -999
     196	 temp   	 a      	 Part1	 near_displaced	 circle    	          2	 0.2               	 standard  	 attention_check	              0	 n/a                     	 -999                                	 -999           	 -999               	       0.5274	            3.669 	        89	                89	                  0	                 76	 left          	                 5.0	 -999              	       1	        7.05 	             1	             0	                   2	             0	          0	        2.5446	         4.1223	 -999       	 -999                 	 -999      	 -999      	 -999      	 -999      	 -999      	 -999
     197	 temp   	 a      	 Part1	 far_displaced 	 circle    	          2	 2.2               	 varying   	 staircase      	              1	 stair1                  	 Part1|far_displaced|varying|stair1  	 0.7            	 -2.2               	       4.8061	            1.6645	        89	                89	                  0	                 69	 left          	                10.0	 -999              	       1	        7.0  	             1	             0	                   4	             1	          1	        1.7337	         2.4671	 3.3964     	 5.0675               	 -999      	 -999      	 -999      	 -999      	 -999      	 -999
     198	 temp   	 a      	 Part1	 near_displaced	 circle    	          2	 2.5               	 varying   	 staircase      	              2	 stair2                  	 Part1|near_displaced|varying|stair2 	 1.5            	 -2.5               	       2.8348	            5.9764	        89	                89	                  0	                 95	 right         	                 5.0	 -999              	       1	        7.466	             1	             0	                   2	             1	          1	        3.0854	         4.73  	 -999       	 -999                 	 -999      	 -999      	 -999      	 -999      	 -999      	 -999
     199	 temp   	 a      	 Part1	 near_displaced	 circle    	          2	 2.5               	 standard  	 staircase      	              2	 stair2                  	 Part1|near_displaced|standard|stair2	 1.5            	 -2.5               	       4.3784	            1.2368	        89	                89	                  0	                 78	 right         	                 5.0	 -999              	       1	        7.166	             1	             0	                   2	             1	          1	        2.5556	         3.5256	 -999       	 -999                 	 -999      	 -999      	 -999      	 -999      	 -999      	 -999
     200	 temp   	 a      	 Part1	 far_displaced 	 circle    	          2	 2.5               	 varying   	 staircase      	              2	 stair2                  	 Part1|far_displaced|varying|stair2  	 1.5            	 -2.5               	       3.6717	            0.5301	        89	                89	                  0	                 86	 left          	                10.0	 -999              	       1	        7.316	             1	             0	                   2	             0	          0	        2.4732	         3.976 	 -999       	 -999                 	 -999      	 -999      	 -999      	 -999      	 -999      	 -999
     201	 temp   	 a      	 Part1	 centred       	 circle    	          2	 2.5               	 standard  	 staircase      	              1	 stair1                  	 Part1|centred|standard|stair1       	 0.7            	 -2.5               	       3.4315	            0.2899	        89	                89	                  0	                 65	 center        	                 0.0	 -999              	       1	        6.95 	             1	             0	                   2	             0	          0	        2.7822	         3.7298	 -999       	 -999                 	 -999      	 -999      	 -999      	 -999      	 -999      	 -999
     202	 temp   	 a      	 Part1	 near_displaced	 circle    	          2	 1.9000000000000001	 standard  	 staircase      	              1	 stair1                  	 Part1|near_displaced|standard|stair1	 0.7            	 -1.9000000000000001	       0.6217	            3.7633	        89	                89	                  0	                 69	 right         	                 5.0	 -999              	       1	        7.05 	             1	             0	                   2	             2	          2	        3.1609	         4.0583	 -999       	 -999                 	 -999      	 -999      	 -999      	 -999      	 -999      	 -999
     203	 temp   	 a      	 Part1	 centred       	 circle    	          2	 2.5               	 standard  	 staircase      	              2	 stair2                  	 Part1|centred|standard|stair2       	 1.5            	 -2.5               	       1.2537	            4.3953	        89	                89	                  0	                 72	 center        	                 0.0	 -999              	       1	        7.099	             1	             0	                   2	             0	          0	        3.0524	         3.9463	 -999       	 -999                 	 -999      	 -999      	 -999      	 -999      	 -999      	 -999
     204	 temp   	 a      	 Part1	 near_displaced	 circle    	          2	 2.5               	 standard  	 staircase      	              2	 stair2                  	 Part1|near_displaced|standard|stair2	 1.5            	 -2.5               	       0.2331	            3.3747	        89	                89	                  0	                 64	 left          	                 5.0	 -999              	       1	        7.0  	             1	             0	                   2	             2	          2	        2.535 	         4.2387	 -999       	 -999                 	 -999      	 -999      	 -999      	 -999      	 -999      	 -999
     205	 temp   	 a      	 Part1	 far_displaced 	 circle    	          2	 2.2               	 varying   	 staircase      	              1	 stair1                  	 Part1|far_displaced|varying|stair1  	 0.7            	 -2.2               	       3.0617	            6.2033	        89	                89	                  0	                 71	 right         	                10.0	 -999              	       1	        7.183	             1	             0	                   2	             3	          3	        2.2079	         3.5601	 -999       	 -999                 	 -999      	 -999      	 -999      	 -999      	 -999      	 -999
     206	 temp   	 a      	 Part1	 far_displaced 	 circle    	          2	 2.5               	 standard  	 staircase      	              1	 stair1                  	 Part1|far_displaced|standard|stair1 	 0.7            	 -2.5               	       5.9098	            2.7682	        89	                89	                  0	                 84	 left          	                10.0	 -999              	       1	        7.299	             1	             0	                   3	             1	          1	        2.2721	         3.2383	 4.7523     	 -999                 	 -999      	 -999      	 -999      	 -999      	 -999      	 -999
     207	 temp   	 a      	 Part1	 centred       	 circle    	          2	 0.2               	 standard  	 attention_check	              0	 n/a                     	 -999                                	 -999           	 -999               	       5.7281	            2.5865	        89	                89	                  0	                 85	 center        	                 0.0	 -999              	       1	        7.333	             1	             0	                   2	             1	          0	        2.886 	         3.5934	 -999       	 -999                 	 -999      	 -999      	 -999      	 -999      	 -999      	 -999
     208	 temp   	 a      	 Part1	 near_displaced	 circle    	          2	 2.2               	 varying   	 staircase      	              1	 stair1                  	 Part1|near_displaced|varying|stair1 	 0.7            	 -2.2               	       5.9041	            2.7626	        89	                89	                  0	                 66	 right         	                 5.0	 -999              	       1	        7.15 	             1	             0	                   3	             0	          0	        1.7795	         3.384 	 4.2773     	 -999                 	 -999      	 -999      	 -999      	 -999      	 -999      	 -999
     209	 temp   	 a      	 Part1	 far_displaced 	 circle    	          2	 2.5               	 standard  	 staircase      	              2	 stair2                  	 Part1|far_displaced|standard|stair2 	 1.5            	 -2.5               	       0.6414	            3.7829	        89	                89	                  0	                 82	 left          	                10.0	 -999              	       1	        7.3  	             1	             0	                   3	             2	          1	        2.102 	         2.7277	 4.1326     	 -999                 	 -999      	 -999      	 -999      	 -999      	 -999      	 -999
     210	 temp   	 a      	 Part1	 centred       	 circle    	          2	 2.5               	 standard  	 staircase      	              1	 stair1                  	 Part1|centred|standard|stair1       	 0.7            	 -2.5               	       2.1603	            5.3019	        89	                89	                  0	                 81	 center        	                 0.0	 -999              	       1	        7.318	             1	             0	                   4	             2	          2	        1.7436	         2.4464	 3.0943     	 3.6164               	 -999      	 -999      	 -999      	 -999      	 -999      	 -999
     211	 temp   	 a      	 Part1	 far_displaced 	 circle    	          2	 2.5               	 standard  	 staircase      	              1	 stair1                  	 Part1|far_displaced|standard|stair1 	 0.7            	 -2.5               	       2.853 	            5.9946	        89	                89	                  0	                 92	 left          	                10.0	 -999              	       1	        7.483	             1	             0	                   3	             0	          0	        2.1955	         3.2725	 4.8689     	 -999                 	 -999      	 -999      	 -999      	 -999      	 -999      	 -999
     212	 temp   	 a      	 Part1	 far_displaced 	 circle    	          2	 2.5               	 varying   	 staircase      	              2	 stair2                  	 Part1|far_displaced|varying|stair2  	 1.5            	 -2.5               	       0.9416	            4.0832	        89	                89	                  0	                 63	 right         	                10.0	 -999              	       1	        7.149	             1	             0	                   2	             2	          2	        2.5945	         4.523 	 -999       	 -999                 	 -999      	 -999      	 -999      	 -999      	 -999      	 -999
     213	 temp   	 a      	 Part1	 near_displaced	 circle    	          2	 2.5               	 varying   	 staircase      	              2	 stair2                  	 Part1|near_displaced|varying|stair2 	 1.5            	 -2.5               	       0.0141	            3.1557	        89	                89	                  0	                 88	 right         	                 5.0	 -999              	       1	        7.416	             1	             0	                   4	             2	          1	        1.7476	         2.338 	 3.4399     	 4.1214               	 -999      	 -999      	 -999      	 -999      	 -999      	 -999
     214	 temp   	 a      	 Part1	 centred       	 circle    	          2	 2.5               	 standard  	 staircase      	              2	 stair2                  	 Part1|centred|standard|stair2       	 1.5            	 -2.5               	       0.1386	            3.2802	        89	                89	                  0	                 60	 center        	                 0.0	 -999              	       1	        7.049	             1	             0	                   2	             0	          0	        2.8132	         4.3144	 -999       	 -999                 	 -999      	 -999      	 -999      	 -999      	 -999      	 -999
     215	 temp   	 a      	 Part1	 centred       	 circle    	          2	 2.5               	 standard  	 staircase      	              1	 stair1                  	 Part1|centred|standard|stair1       	 0.7            	 -2.5               	       1.1459	            4.2875	        89	                89	                  0	                 83	 center        	                 0.0	 -999              	       1	        7.416	             1	             0	                   2	             1	          1	        2.6126	         3.5662	 -999       	 -999                 	 -999      	 -999      	 -999      	 -999      	 -999      	 -999
     216	 temp   	 a      	 Part1	 near_displaced	 circle    	          2	 2.2               	 varying   	 staircase      	              1	 stair1                  	 Part1|near_displaced|varying|stair1 	 0.7            	 -2.2               	       1.5   	            4.6416	        89	                89	                  0	                 67	 left          	                 5.0	 -999              	       1	        7.25 	             1	             0	                   2	             0	          0	        2.6995	         4.5354	 -999       	 -999                 	 -999      	 -999      	 -999      	 -999      	 -999      	 -999
     217	 temp   	 a      	 Part1	 near_displaced	 circle    	          2	 2.5               	 varying   	 staircase      	              2	 stair2                  	 Part1|near_displaced|varying|stair2 	 1.5            	 -2.5               	       4.1721	            1.0305	        89	                89	                  0	                 72	 left          	                 5.0	 -999              	       1	        7.216	             1	             0	                   2	             3	          3	        2.7588	         3.7785	 -999       	 -999                 	 -999      	 -999      	 -999      	 -999      	 -999      	 -999
     218	 temp   	 a      	 Part1	 near_displaced	 circle    	          2	 0.2               	 standard  	 attention_check	              0	 n/a                     	 -999                                	 -999           	 -999               	       3.3901	            0.2485	        89	                89	                  0	                 65	 right         	                 5.0	 -999              	       1	        7.116	             1	             0	                   4	             0	          0	        1.8271	         2.5182	 3.2134     	 4.6644               	 -999      	 -999      	 -999      	 -999      	 -999      	 -999
     219	 temp   	 a      	 Part1	 near_displaced	 circle    	          2	 2.2               	 standard  	 staircase      	              1	 stair1                  	 Part1|near_displaced|standard|stair1	 0.7            	 -2.2               	       0.8923	            4.0339	        89	                89	                  0	                 89	 left          	                 5.0	 -999              	       1	        7.467	             1	             0	                   2	             1	          1	        2.9617	         3.7353	 -999       	 -999                 	 -999      	 -999      	 -999      	 -999      	 -999      	 -999
     220	 temp   	 a      	 Part1	 centred       	 circle    	          2	 2.5               	 standard  	 staircase      	              2	 stair2                  	 Part1|centred|standard|stair2       	 1.5            	 -2.5               	       3.1657	            0.0241	        89	                89	                  0	                 72	 center        	                 0.0	 -999              	       1	        7.417	             1	             0	                   2	             0	          0	        2.1156	         3.6522	 -999       	 -999                 	 -999      	 -999      	 -999      	 -999      	 -999      	 -999
     221	 temp   	 a      	 Part1	 centred       	 circle    	          2	 2.5               	 standard  	 staircase      	              1	 stair1                  	 Part1|centred|standard|stair1       	 0.7            	 -2.5               	       0.0105	            3.152 	        89	                89	                  0	                 81	 center        	                 0.0	 -999              	       1	        7.383	             1	             0	                   2	             1	          1	        2.2919	         4.0151	 -999       	 -999                 	 -999      	 -999      	 -999      	 -999      	 -999      	 -999
     222	 temp   	 a      	 Part1	 near_displaced	 circle    	          2	 2.5               	 standard  	 staircase      	              2	 stair2                  	 Part1|near_displaced|standard|stair2	 1.5            	 -2.5               	       1.6777	            4.8193	        89	                89	                  0	                 94	 right         	                 5.0	 -999              	       1	        7.566	             1	             0	                   2	             5	          4	        2.4793	         4.0833	 -999       	 -999                 	 -999      	 -999      	 -999      	 -999      	 -999      	 -999
     223	 temp   	 a      	 Part1	 far_displaced 	 circle    	          2	 2.5               	 varying   	 staircase      	              1	 stair1                  	 Part1|far_displaced|varying|stair1  	 0.7            	 -2.5               	       0.6249	            3.7665	        89	                89	                  0	                 80	 right         	                10.0	 -999              	       1	        7.416	             1	             0	                   2	             1	          1	        2.8887	         4.4502	 -999       	 -999                 	 -999      	 -999      	 -999      	 -999      	 -999      	 -999
     224	 temp   	 a      	 Part1	 centred       	 circle    	          2	 2.5               	 standard  	 staircase      	              2	 stair2                  	 Part1|centred|standard|stair2       	 1.5            	 -2.5               	       4.3247	            1.1831	        89	                89	                  0	                 62	 center        	                 0.0	 -999              	       1	        7.466	             1	             0	                   3	             4	          2	        2.1375	         3.2607	 4.9873     	 -999                 	 -999      	 -999      	 -999      	 -999      	 -999      	 -999
     225	 temp   	 a      	 Part1	 near_displaced	 circle    	          2	 2.2               	 standard  	 staircase      	              1	 stair1                  	 Part1|near_displaced|standard|stair1	 0.7            	 -2.2               	       3.5449	            0.4033	        89	                89	                  0	                 82	 left          	                 5.0	 -999              	       1	        7.416	             1	             0	                   2	             0	          0	        2.7557	         4.4024	 -999       	 -999                 	 -999      	 -999      	 -999      	 -999      	 -999      	 -999
     226	 temp   	 a      	 Part1	 far_displaced 	 circle    	          2	 2.5               	 standard  	 staircase      	              2	 stair2                  	 Part1|far_displaced|standard|stair2 	 1.5            	 -2.5               	       1.4483	            4.5899	        89	                89	                  0	                 61	 right         	                10.0	 -999              	       1	        7.15 	             1	             0	                   2	             0	          0	        2.9529	         3.9398	 -999       	 -999                 	 -999      	 -999      	 -999      	 -999      	 -999      	 -999
     227	 temp   	 a      	 Part1	 centred       	 circle    	          2	 2.5               	 standard  	 staircase      	              1	 stair1                  	 Part1|centred|standard|stair1       	 0.7            	 -2.5               	       3.7184	            0.5768	        89	                89	                  0	                 60	 center        	                 0.0	 -999              	       1	        7.167	             1	             0	                   2	             1	          1	        2.4653	         4.4126	 -999       	 -999                 	 -999      	 -999      	 -999      	 -999      	 -999      	 -999
     228	 temp   	 a      	 Part1	 centred       	 circle    	          2	 2.5               	 standard  	 staircase      	              2	 stair2                  	 Part1|centred|standard|stair2       	 1.5            	 -2.5               	       5.6964	            2.5548	        89	                89	                  0	                 66	 center        	                 0.0	 -999              	       1	        7.366	             1	             0	                   3	             2	          2	        2.4953	         3.4442	 5.419      	 -999                 	 -999      	 -999      	 -999      	 -999      	 -999      	 -999
     229	 temp   	 a      	 Part1	 far_displaced 	 circle    	          2	 0.2               	 varying   	 attention_check	              0	 n/a                     	 -999                                	 -999           	 -999               	       3.8814	            0.7398	        89	                89	                  0	                 70	 left          	                10.0	 -999              	       1	        7.332	             1	             0	                   2	             1	          0	        3.0819	         4.3035	 -999       	 -999                 	 -999      	 -999      	 -999      	 -999      	 -999      	 -999
     230	 temp   	 a      	 Part1	 near_displaced	 circle    	          2	 2.5               	 standard  	 staircase      	              2	 stair2                  	 Part1|near_displaced|standard|stair2	 1.5            	 -2.5               	       1.7688	            4.9104	        89	                89	                  0	                 74	 left          	                 5.0	 -999              	       1	        7.383	             1	             0	                   2	             0	          0	        2.4442	         3.9759	 -999       	 -999                 	 -999      	 -999      	 -999      	 -999      	 -999      	 -999
     231	 temp   	 a      	 Part1	 far_displaced 	 circle    	          2	 2.5               	 varying   	 staircase      	              2	 stair2                  	 Part1|far_displaced|varying|stair2  	 1.5            	 -2.5               	       2.8131	            5.9547	        89	                89	                  0	                 61	 right         	                10.0	 -999              	       1	        7.25 	             1	             0	                   2	             1	          1	        2.1658	         3.8647	 -999       	 -999                 	 -999      	 -999      	 -999      	 -999      	 -999      	 -999
     232	 temp   	 a      	 Part1	 far_displaced 	 circle    	          2	 2.5               	 standard  	 staircase      	              1	 stair1                  	 Part1|far_displaced|standard|stair1 	 0.7            	 -2.5               	       4.4338	            1.2922	        89	                89	                  0	                 87	 right         	                10.0	 -999              	       1	        7.699	             1	             0	                   3	             1	          1	        2.5519	         3.1149	 3.6722     	 -999                 	 -999      	 -999      	 -999      	 -999      	 -999      	 -999
     233	 temp   	 a      	 Part1	 near_displaced	 circle    	          2	 2.5               	 varying   	 staircase      	              1	 stair1                  	 Part1|near_displaced|varying|stair1 	 0.7            	 -2.5               	       0.6658	            3.8074	        89	                89	                  0	                 86	 left          	                 5.0	 -999              	       1	        7.549	             1	             0	                   4	             0	          0	        1.8547	         2.3579	 2.9054     	 3.6448               	 -999      	 -999      	 -999      	 -999      	 -999      	 -999
     234	 temp   	 a      	 Part1	 far_displaced 	 circle    	          2	 2.5               	 varying   	 staircase      	              1	 stair1                  	 Part1|far_displaced|varying|stair1  	 0.7            	 -2.5               	       5.6882	            2.5466	        89	                89	                  0	                 89	 left          	                10.0	 -999              	       1	        7.633	             1	             0	                   3	             2	          2	        1.914 	         2.6663	 3.5498     	 -999                 	 -999      	 -999      	 -999      	 -999      	 -999      	 -999
     235	 temp   	 a      	 Part1	 far_displaced 	 circle    	          2	 2.5               	 standard  	 staircase      	              2	 stair2                  	 Part1|far_displaced|standard|stair2 	 1.5            	 -2.5               	       1.1083	            4.2499	        89	                89	                  0	                 77	 right         	                10.0	 -999              	       1	        7.449	             1	             0	                   3	             0	          0	        1.7329	         2.4535	 4.2489     	 -999                 	 -999      	 -999      	 -999      	 -999      	 -999      	 -999
     236	 temp   	 a      	 Part1	 far_displaced 	 circle    	          2	 2.5               	 standard  	 staircase      	              1	 stair1                  	 Part1|far_displaced|standard|stair1 	 0.7            	 -2.5               	       0.6139	            3.7555	        89	                89	                  0	                 65	 right         	                10.0	 -999              	       1	        7.416	             1	             0	                   2	             1	          1	        2.787 	         4.6223	 -999       	 -999                 	 -999      	 -999      	 -999      	 -999      	 -999      	 -999
     237	 temp   	 a      	 Part1	 near_displaced	 circle    	          2	 2.5               	 varying   	 staircase      	              2	 stair2                  	 Part1|near_displaced|varying|stair2 	 1.5            	 -2.5               	       4.7129	            1.5713	        89	                89	                  0	                 91	 left          	                 5.0	 -999              	       1	        7.683	             1	             0	                   2	             1	          0	        2.847 	         3.7235	 -999       	 -999                 	 -999      	 -999      	 -999      	 -999      	 -999      	 -999
     238	 temp   	 a      	 Part1	 far_displaced 	 circle    	          2	 2.5               	 standard  	 staircase      	              2	 stair2                  	 Part1|far_displaced|standard|stair2 	 1.5            	 -2.5               	       6.0614	            2.9198	        89	                89	                  0	                 71	 left          	                10.0	 -999              	       1	        7.433	             1	             0	                   2	             1	          1	        1.9755	         3.7966	 -999       	 -999                 	 -999      	 -999      	 -999      	 -999      	 -999      	 -999
     239	 temp   	 a      	 Part1	 near_displaced	 circle    	          2	 2.5               	 varying   	 staircase      	              1	 stair1                  	 Part1|near_displaced|varying|stair1 	 0.7            	 -2.5               	       5.5094	            2.3678	        89	                89	                  0	                 60	 right         	                 5.0	 -999              	       1	        7.267	             1	             0	                   2	             1	          1	        2.5902	         4.3196	 -999       	 -999                 	 -999      	 -999      	 -999      	 -999      	 -999      	 -999
     240	 temp   	 a      	 Part1	 near_displaced	 circle    	          2	 0.2               	 varying   	 attention_check	              0	 n/a                     	 -999                                	 -999           	 -999               	       1.5908	            4.7324	        89	                89	                  0	                 82	 right         	                 5.0	 -999              	       1	        7.833	             1	             0	                   2	             0	          0	        2.342 	         4.2702	 -999       	 -999                 	 -999      	 -999      	 -999      	 -999      	 -999      	 -999
     241	 temp   	 a      	 Part1	 near_displaced	 circle    	          2	 2.2               	 standard  	 staircase      	              1	 stair1                  	 Part1|near_displaced|standard|stair1	 0.7            	 -2.2               	       4.7427	            1.6011	        89	                89	                  0	                 73	 left          	                 5.0	 -999              	       1	        7.432	             1	             0	                   2	             0	          0	        2.9597	         4.0865	 -999       	 -999                 	 -999      	 -999      	 -999      	 -999      	 -999      	 -999
     242	 temp   	 a      	 Part1	 far_displaced 	 circle    	          2	 2.5               	 standard  	 staircase      	              1	 stair1                  	 Part1|far_displaced|standard|stair1 	 0.7            	 -2.5               	       0.6521	            3.7937	        89	                89	                  0	                 67	 right         	                10.0	 -999              	       1	        7.384	             1	             0	                   2	             2	          0	        2.7358	         4.6059	 -999       	 -999                 	 -999      	 -999      	 -999      	 -999      	 -999      	 -999
     243	 temp   	 a      	 Part1	 near_displaced	 circle    	          2	 2.5               	 standard  	 staircase      	              2	 stair2                  	 Part1|near_displaced|standard|stair2	 1.5            	 -2.5               	       5.1958	            2.0542	        89	                89	                  0	                 62	 left          	                 5.0	 -999              	       1	        7.348	             1	             0	                   3	             0	          0	        1.7113	         2.2135	 3.6249     	 -999                 	 -999      	 -999      	 -999      	 -999      	 -999      	 -999
     244	 temp   	 a      	 Part1	 far_displaced 	 circle    	          2	 2.5               	 standard  	 staircase      	              2	 stair2                  	 Part1|far_displaced|standard|stair2 	 1.5            	 -2.5               	       1.7986	            4.9402	        89	                89	                  0	                 62	 left          	                10.0	 -999              	       1	        7.333	             1	             0	                   2	             0	          0	        3.1011	         4.7974	 -999       	 -999                 	 -999      	 -999      	 -999      	 -999      	 -999      	 -999
     245	 temp   	 a      	 Part1	 near_displaced	 circle    	          2	 2.5               	 varying   	 staircase      	              2	 stair2                  	 Part1|near_displaced|varying|stair2 	 1.5            	 -2.5               	       1.7637	            4.9053	        89	                89	                  0	                 96	 right         	                 5.0	 -999              	       1	        7.816	             1	             0	                   3	             2	          1	        1.9914	         3.3621	 4.872      	 -999                 	 -999      	 -999      	 -999      	 -999      	 -999      	 -999
     246	 temp   	 a      	 Part1	 near_displaced	 circle    	          2	 2.5               	 varying   	 staircase      	              1	 stair1                  	 Part1|near_displaced|varying|stair1 	 0.7            	 -2.5               	       5.7005	            2.5589	        89	                89	                  0	                 62	 right         	                 5.0	 -999              	       1	        7.466	             1	             0	                   2	             2	          2	        2.9881	         4.5029	 -999       	 -999                 	 -999      	 -999      	 -999      	 -999      	 -999      	 -999
     247	 temp   	 a      	 Part1	 near_displaced	 circle    	          2	 2.5               	 standard  	 staircase      	              1	 stair1                  	 Part1|near_displaced|standard|stair1	 0.7            	 -2.5               	       0.3832	            3.5248	        89	                89	                  0	                 83	 left          	                 5.0	 -999              	       1	        7.783	             1	             0	                   2	             2	          0	        3.0222	         4.2125	 -999       	 -999                 	 -999      	 -999      	 -999      	 -999      	 -999      	 -999
     248	 temp   	 a      	 Part1	 far_displaced 	 circle    	          2	 2.5               	 varying   	 staircase      	              2	 stair2                  	 Part1|far_displaced|varying|stair2  	 1.5            	 -2.5               	       2.6863	            5.8279	        89	                89	                  0	                 80	 right         	                10.0	 -999              	       1	        7.799	             1	             0	                   3	             5	          5	        2.0153	         2.6921	 3.6332     	 -999                 	 -999      	 -999      	 -999      	 -999      	 -999      	 -999
     249	 temp   	 a      	 Part1	 near_displaced	 circle    	          2	 2.5               	 standard  	 staircase      	              2	 stair2                  	 Part1|near_displaced|standard|stair2	 1.5            	 -2.5               	       5.8479	            2.7063	        89	                89	                  0	                 82	 left          	                 5.0	 -999              	       1	        7.665	             1	             0	                   2	             0	          0	        1.8427	         3.5355	 -999       	 -999                 	 -999      	 -999      	 -999      	 -999      	 -999      	 -999
     250	 temp   	 a      	 Part1	 near_displaced	 circle    	          2	 2.5               	 standard  	 staircase      	              1	 stair1                  	 Part1|near_displaced|standard|stair1	 0.7            	 -2.5               	       0.5825	            3.7241	        89	                89	                  0	                 86	 left          	                 5.0	 -999              	       1	        7.733	             1	             0	                   3	             0	          0	        2.1752	         3.1279	 4.3968     	 -999                 	 -999      	 -999      	 -999      	 -999      	 -999      	 -999
     251	 temp   	 a      	 Part1	 centred       	 circle    	          2	 0.2               	 standard  	 attention_check	              0	 n/a                     	 -999                                	 -999           	 -999               	       5.4532	            2.3116	        89	                89	                  0	                 61	 center        	                 0.0	 -999              	       1	        7.45 	             1	             0	                   3	             0	          0	        2.278 	         3.4128	 4.3176     	 -999                 	 -999      	 -999      	 -999      	 -999      	 -999      	 -999
     252	 temp   	 a      	 Part1	 near_displaced	 circle    	          2	 2.5               	 standard  	 staircase      	              2	 stair2                  	 Part1|near_displaced|standard|stair2	 1.5            	 -2.5               	       5.8605	            2.7189	        89	                89	                  0	                 61	 right         	                 5.0	 -999              	       1	        7.4  	             1	             0	                   3	             2	          1	        2.2905	         2.9826	 4.0388     	 -999                 	 -999      	 -999      	 -999      	 -999      	 -999      	 -999
     253	 temp   	 a      	 Part1	 far_displaced 	 circle    	          2	 2.5               	 varying   	 staircase      	              1	 stair1                  	 Part1|far_displaced|varying|stair1  	 0.7            	 -2.5               	       0.4491	            3.5907	        89	                89	                  0	                 70	 left          	                10.0	 -999              	       1	        7.532	             1	             0	                   3	             0	          0	        1.8592	         2.4883	 4.2981     	 -999                 	 -999      	 -999      	 -999      	 -999      	 -999      	 -999
     254	 temp   	 a      	 Part1	 far_displaced 	 circle    	          2	 2.5               	 varying   	 staircase      	              2	 stair2                  	 Part1|far_displaced|varying|stair2  	 1.5            	 -2.5               	       0.4143	            3.5559	        89	                89	                  0	                 63	 right         	                10.0	 -999              	       1	        7.516	             1	             0	                   4	             0	          0	        1.8146	         2.3708	 3.2661     	 5.0141               	 -999      	 -999      	 -999      	 -999      	 -999      	 -999
     255	 temp   	 a      	 Part1	 near_displaced	 circle    	          2	 2.5               	 varying   	 staircase      	              2	 stair2                  	 Part1|near_displaced|varying|stair2 	 1.5            	 -2.5               	       2.3017	            5.4433	        89	                89	                  0	                 83	 right         	                 5.0	 -999              	       1	        7.733	             1	             0	                   3	             4	          3	        1.7065	         3.0669	 4.9606     	 -999                 	 -999      	 -999      	 -999      	 -999      	 -999      	 -999
     256	 temp   	 a      	 Part1	 near_displaced	 circle    	          2	 2.5               	 standard  	 staircase      	              1	 stair1                  	 Part1|near_displaced|standard|stair1	 0.7            	 -2.5               	       2.9992	            6.1408	        89	                89	                  0	                 87	 left          	                 5.0	 -999              	       1	        7.8  	             1	             0	                   3	             0	          0	        1.9469	         2.602 	 3.6724     	 -999                 	 -999      	 -999      	 -999      	 -999      	 -999      	 -999
     257	 temp   	 a      	 Part1	 far_displaced 	 circle    	          2	 2.5               	 varying   	 staircase      	              1	 stair1                  	 Part1|far_displaced|varying|stair1  	 0.7            	 -2.5               	       4.3488	            1.2072	        89	                89	                  0	                 83	 left          	                10.0	 -999              	       1	        7.781	             1	             0	                   3	             1	          1	        1.8531	         3.241 	 4.9958     	 -999                 	 -999      	 -999      	 -999      	 -999      	 -999      	 -999
     258	 temp   	 a      	 Part1	 near_displaced	 circle    	          2	 2.5               	 standard  	 staircase      	              2	 stair2                  	 Part1|near_displaced|standard|stair2	 1.5            	 -2.5               	       0.2644	            3.406 	        89	                89	                  0	                 82	 right         	                 5.0	 -999              	       1	        7.978	             1	             0	                   2	             0	          0	        2.4786	         3.7142	 -999       	 -999                 	 -999      	 -999      	 -999      	 -999      	 -999      	 -999
     259	 temp   	 a      	 Part1	 far_displaced 	 circle    	          2	 2.5               	 varying   	 staircase      	              2	 stair2                  	 Part1|far_displaced|varying|stair2  	 1.5            	 -2.5               	       0.6444	            3.786 	        89	                89	                  0	                 65	 left          	                10.0	 -999              	       1	        7.587	             1	             0	                   2	             1	          1	        2.0226	         3.9066	 -999       	 -999                 	 -999      	 -999      	 -999      	 -999      	 -999      	 -999
     260	 temp   	 a      	 Part1	 far_displaced 	 circle    	          2	 2.5               	 varying   	 staircase      	              1	 stair1                  	 Part1|far_displaced|varying|stair1  	 0.7            	 -2.5               	       4.3351	            1.1936	        89	                89	                  0	                 89	 right         	                10.0	 -999              	       1	        7.866	             1	             0	                   2	             0	          0	        2.7698	         4.3062	 -999       	 -999                 	 -999      	 -999      	 -999      	 -999      	 -999      	 -999
     261	 temp   	 a      	 Part1	 near_displaced	 circle    	          2	 2.5               	 standard  	 staircase      	              1	 stair1                  	 Part1|near_displaced|standard|stair1	 0.7            	 -2.5               	       0.1325	            3.2741	        89	                89	                  0	                 70	 left          	                 5.0	 -999              	       1	        7.716	             1	             0	                   3	             2	          2	        1.9805	         2.9991	 4.0507     	 -999                 	 -999      	 -999      	 -999      	 -999      	 -999      	 -999
     262	 temp   	 a      	 Part1	 near_displaced	 circle    	          2	 0.2               	 varying   	 attention_check	              0	 n/a                     	 -999                                	 -999           	 -999               	       6.2602	            3.1186	        89	                89	                  0	                 83	 right         	                 5.0	 -999              	       1	        7.783	             1	             0	                   2	             0	          0	        2.5923	         3.9225	 -999       	 -999                 	 -999      	 -999      	 -999      	 -999      	 -999      	 -999
     263	 temp   	 a      	 Part1	 near_displaced	 circle    	          2	 2.5               	 varying   	 staircase      	              1	 stair1                  	 Part1|near_displaced|varying|stair1 	 0.7            	 -2.5               	       2.1446	            5.2862	        89	                89	                  0	                 84	 right         	                 5.0	 -999              	       1	        7.834	             1	             0	                   2	             1	          0	        2.0908	         3.5078	 -999       	 -999                 	 -999      	 -999      	 -999      	 -999      	 -999      	 -999
     264	 temp   	 a      	 Part1	 far_displaced 	 circle    	          2	 2.5               	 varying   	 staircase      	              2	 stair2                  	 Part1|far_displaced|varying|stair2  	 1.5            	 -2.5               	       5.5016	            2.36  	        89	                89	                  0	                 66	 left          	                10.0	 -999              	       1	        7.616	             1	             0	                   2	             0	          0	        2.507 	         4.2535	 -999       	 -999                 	 -999      	 -999      	 -999      	 -999      	 -999      	 -999
     265	 temp   	 a      	 Part1	 near_displaced	 circle    	          2	 2.5               	 standard  	 staircase      	              2	 stair2                  	 Part1|near_displaced|standard|stair2	 1.5            	 -2.5               	       4.639 	            1.4974	        89	                89	                  0	                 82	 left          	                 5.0	 -999              	       1	        7.85 	             1	             0	                   2	             2	          1	        2.2318	         3.6573	 -999       	 -999                 	 -999      	 -999      	 -999      	 -999      	 -999      	 -999
     266	 temp   	 a      	 Part1	 near_displaced	 circle    	          2	 2.5               	 standard  	 staircase      	              1	 stair1                  	 Part1|near_displaced|standard|stair1	 0.7            	 -2.5               	       2.2501	            5.3917	        89	                89	                  0	                 90	 right         	                 5.0	 -999              	       1	        7.915	             1	             0	                   2	             2	          2	        1.8931	         3.6244	 -999       	 -999                 	 -999      	 -999      	 -999      	 -999      	 -999      	 -999
     267	 temp   	 a      	 Part1	 near_displaced	 circle    	          2	 2.5               	 varying   	 staircase      	              2	 stair2                  	 Part1|near_displaced|varying|stair2 	 1.5            	 -2.5               	       1.9954	            5.137 	        89	                89	                  0	                 91	 right         	                 5.0	 -999              	       1	        7.933	             1	             0	                   2	             0	          0	        2.8123	         4.1262	 -999       	 -999                 	 -999      	 -999      	 -999      	 -999      	 -999      	 -999
     268	 temp   	 a      	 Part1	 near_displaced	 circle    	          2	 2.5               	 varying   	 staircase      	              1	 stair1                  	 Part1|near_displaced|varying|stair1 	 0.7            	 -2.5               	       2.7743	            5.9159	        89	                89	                  0	                 81	 left          	                 5.0	 -999              	       1	        8.033	             1	             0	                   2	             2	          2	        2.7523	         4.4279	 -999       	 -999                 	 -999      	 -999      	 -999      	 -999      	 -999      	 -999
     269	 temp   	 a      	 Part1	 far_displaced 	 circle    	          2	 2.5               	 varying   	 staircase      	              1	 stair1                  	 Part1|far_displaced|varying|stair1  	 0.7            	 -2.5               	       5.4986	            2.357 	        89	                89	                  0	                 76	 left          	                10.0	 -999              	       1	        7.799	             1	             0	                   2	             0	          0	        2.0196	         3.7224	 -999       	 -999                 	 -999      	 -999      	 -999      	 -999      	 -999      	 -999
     270	 temp   	 a      	 Part1	 near_displaced	 circle    	          2	 2.5               	 varying   	 staircase      	              2	 stair2                  	 Part1|near_displaced|varying|stair2 	 1.5            	 -2.5               	       1.8386	            4.9802	        89	                89	                  0	                 84	 right         	                 5.0	 -999              	       1	        7.9  	             1	             0	                   3	             2	          1	        1.9308	         2.9093	 4.7155     	 -999                 	 -999      	 -999      	 -999      	 -999      	 -999      	 -999
     271	 temp   	 a      	 Part1	 near_displaced	 circle    	          2	 2.5               	 standard  	 staircase      	              2	 stair2                  	 Part1|near_displaced|standard|stair2	 1.5            	 -2.5               	       5.6139	            2.4723	        89	                89	                  0	                 83	 left          	                 5.0	 -999              	       1	        8.133	             1	             0	                   3	             1	          1	        2.4722	         3.078 	 3.8175     	 -999                 	 -999      	 -999      	 -999      	 -999      	 -999      	 -999
     272	 temp   	 a      	 Part1	 near_displaced	 circle    	          2	 2.5               	 varying   	 staircase      	              1	 stair1                  	 Part1|near_displaced|varying|stair1 	 0.7            	 -2.5               	       4.0526	            0.911 	        89	                89	                  0	                 71	 right         	                 5.0	 -999              	       1	        7.699	             1	             0	                   2	             0	          0	        2.1278	         3.7477	 -999       	 -999                 	 -999      	 -999      	 -999      	 -999      	 -999      	 -999
     273	 temp   	 a      	 Part1	 near_displaced	 circle    	          2	 0.2               	 varying   	 attention_check	              0	 n/a                     	 -999                                	 -999           	 -999               	       4.4107	            1.2691	        89	                89	                  0	                 81	 right         	                 5.0	 -999              	       1	        7.898	             1	             0	                   3	             0	          0	        2.2022	         3.0133	 3.7246     	 -999                 	 -999      	 -999      	 -999      	 -999      	 -999      	 -999
     274	 temp   	 a      	 Part1	 far_displaced 	 circle    	          2	 2.5               	 varying   	 staircase      	              2	 stair2                  	 Part1|far_displaced|varying|stair2  	 1.5            	 -2.5               	       3.3313	            0.1897	        89	                89	                  0	                 63	 left          	                10.0	 -999              	       1	        7.666	             1	             0	                   3	             0	          0	        1.7752	         3.0843	 4.0783     	 -999                 	 -999      	 -999      	 -999      	 -999      	 -999      	 -999
     275	 temp   	 a      	 Part1	 far_displaced 	 circle    	          2	 2.5               	 varying   	 staircase      	              1	 stair1                  	 Part1|far_displaced|varying|stair1  	 0.7            	 -2.5               	       2.3215	            5.4631	        89	                89	                  0	                 85	 right         	                10.0	 -999              	       1	        8.083	             1	             0	                   3	             2	          2	        1.872 	         3.0814	 5.0662     	 -999                 	 -999      	 -999      	 -999      	 -999      	 -999      	 -999
     276	 temp   	 a      	 Part1	 far_displaced 	 circle    	          2	 2.5               	 varying   	 staircase      	              2	 stair2                  	 Part1|far_displaced|varying|stair2  	 1.5            	 -2.5               	       5.0326	            1.891 	        89	                89	                  0	                 73	 left          	                10.0	 -999              	       1	        7.916	             1	             0	                   3	             0	          0	        2.1783	         3.3438	 4.4718     	 -999                 	 -999      	 -999      	 -999      	 -999      	 -999      	 -999
     277	 temp   	 a      	 Part1	 near_displaced	 circle    	          2	 2.5               	 standard  	 staircase      	              1	 stair1                  	 Part1|near_displaced|standard|stair1	 0.7            	 -2.5               	       1.2807	            4.4223	        89	                89	                  0	                 83	 right         	                 5.0	 -999              	       1	        7.966	             1	             0	                   2	             0	          0	        2.7203	         3.7998	 -999       	 -999                 	 -999      	 -999      	 -999      	 -999      	 -999      	 -999
     278	 temp   	 a      	 Part1	 near_displaced	 circle    	          2	 2.5               	 standard  	 staircase      	              2	 stair2                  	 Part1|near_displaced|standard|stair2	 1.5            	 -2.5               	       0.2277	            3.3693	        89	                89	                  0	                 84	 left          	                 5.0	 -999              	       1	        8.016	             1	             0	                   2	             0	          0	        2.5906	         3.5174	 -999       	 -999                 	 -999      	 -999      	 -999      	 -999      	 -999      	 -999
     279	 temp   	 a      	 Part1	 near_displaced	 circle    	          2	 2.5               	 varying   	 staircase      	              2	 stair2                  	 Part1|near_displaced|varying|stair2 	 1.5            	 -2.5               	       0.7446	            3.8862	        89	                89	                  0	                 68	 left          	                 5.0	 -999              	       1	        7.833	             1	             0	                   4	             0	          0	        2.0924	         2.7553	 3.4221     	 4.4799               	 -999      	 -999      	 -999      	 -999      	 -999      	 -999
     280	 temp   	 a      	 Part1	 near_displaced	 circle    	          2	 2.5               	 standard  	 staircase      	              1	 stair1                  	 Part1|near_displaced|standard|stair1	 0.7            	 -2.5               	       2.4951	            5.6367	        89	                89	                  0	                 78	 right         	                 5.0	 -999              	       1	        7.982	             1	             0	                   3	             3	          2	        1.9268	         3.1131	 4.3594     	 -999                 	 -999      	 -999      	 -999      	 -999      	 -999      	 -999
     281	 temp   	 a      	 Part1	 near_displaced	 circle    	          2	 2.5               	 standard  	 staircase      	              2	 stair2                  	 Part1|near_displaced|standard|stair2	 1.5            	 -2.5               	       5.1568	            2.0152	        89	                89	                  0	                 72	 right         	                 5.0	 -999              	       1	        7.966	             1	             0	                   2	             0	          0	        2.9323	         4.6761	 -999       	 -999                 	 -999      	 -999      	 -999      	 -999      	 -999      	 -999
     282	 temp   	 a      	 Part1	 near_displaced	 circle    	          2	 2.5               	 varying   	 staircase      	              1	 stair1                  	 Part1|near_displaced|varying|stair1 	 0.7            	 -2.5               	       6.1113	            2.9697	        89	                89	                  0	                 65	 left          	                 5.0	 -999              	       1	        7.75 	             1	             0	                   3	             0	          0	        1.9814	         2.8445	 4.3872     	 -999                 	 -999      	 -999      	 -999      	 -999      	 -999      	 -999
     283	 temp   	 a      	 Part1	 near_displaced	 circle    	          2	 2.5               	 varying   	 staircase      	              2	 stair2                  	 Part1|near_displaced|varying|stair2 	 1.5            	 -2.5               	       5.3987	            2.2571	        89	                89	                  0	                 93	 left          	                 5.0	 -999              	       1	        8.15 	             1	             0	                   2	             0	          0	        2.5225	         3.8269	 -999       	 -999                 	 -999      	 -999      	 -999      	 -999      	 -999      	 -999
     284	 temp   	 a      	 Part1	 far_displaced 	 circle    	          2	 0.2               	 standard  	 attention_check	              0	 n/a                     	 -999                                	 -999           	 -999               	       1.2406	            4.3821	        89	                89	                  0	                 76	 right         	                10.0	 -999              	       1	        8.032	             1	             0	                   3	             0	          0	        1.847 	         3.3172	 4.5034     	 -999                 	 -999      	 -999      	 -999      	 -999      	 -999      	 -999
