trialnum	 subject	 session	 part 	 condition     	 basicShape	 numObjects	 speed             	 motionRule	 trialKind      	 staircaseIndex	 staircaseWithinCondition	 stairKey                            	 stairStartSpeed	 stairValue         	 initialAngle	 initialOtherAngle	 cueFrames	 timingCheckFrames	 eyetrackingEnabled	 fixatnPeriodFrames	 trajectorySide	 trajectoryOffsetDeg	 ellipseRotationRad	 correct	 trialOutcome	 trialExcluded	 fixBreakFrame	 fixBreakDistanceDeg	 trialDurTotal	 numTargets	 whichIsTarget	 reversal_count	 timingBlips	 numLongFramesAfterCue	 reversal_0	 reversal_1	 reversal_2	 reversal_3	 reversal_4	 reversal_5	 reversal_6	 reversal_7	 reversal_8	 reversal_9
       0	 temp   	 a      	 Part1	 far_displaced 	 circle    	          2	 0.5               	 standard  	 practice       	              0	 n/a                     	 -999                                	 -999           	 -999               	       5.8293	            2.6877	        89	                89	                  0	                 96	 right         	                10.0	 -999              	 ok     	            0	 -999         	 -999.0       	               5.405	             1	          0	             2	              3	           1	                2.7373	     4.6928	 -999      	 -999      	 -999      	 -999      	 -999      	 -999      	 -999      	 -999
       1	 temp   	 a      	 Part1	 near_displaced	 circle    	          2	 0.5               	 varying   	 practice       	              0	 n/a                     	 -999                                	 -999           	 -999               	       5.1602	            2.0186	        89	                89	                  0	                 60	 left          	                 5.0	 -999              	 ok     	            0	 -999         	 -999.0       	               4.974	             1	          0	             2	              6	           1	                3.1186	     4.7092	 -999      	 -999      	 -999      	 -999      	 -999      	 -999      	 -999      	 -999
       2	 temp   	 a      	 Part1	 near_displaced	 circle    	          2	 0.5               	 standard  	 practice       	              0	 n/a                     	 -999                                	 -999           	 -999               	       2.5191	            5.6607	        89	                89	                  0	                 91	 right         	                 5.0	 -999              	 ok     	            0	 -999         	 -999.0       	               5.322	             1	          0	             2	              1	           0	                2.7242	     4.1959	 -999      	 -999      	 -999      	 -999      	 -999      	 -999      	 -999      	 -999
       3	 temp   	 a      	 Part1	 near_displaced	 circle    	          2	 1.0               	 varying   	 practice       	              0	 n/a                     	 -999                                	 -999           	 -999               	       5.9029	            2.7613	        89	                89	                  0	                 76	 left          	                 5.0	 -999              	 ok     	            0	 -999         	 -999.0       	               5.108	             1	          0	             3	              0	           0	                2.2663	     3.3708	 5.3504    	 -999      	 -999      	 -999      	 -999      	 -999      	 -999      	 -999
       4	 temp   	 a      	 Part1	 far_displaced 	 circle    	          2	 1.0               	 standard  	 practice       	              0	 n/a                     	 -999                                	 -999           	 -999               	       0.7587	            3.9003	        89	                89	                  0	                 88	 left          	                10.0	 -999              	 ok     	            0	 -999         	 -999.0       	               5.268	             1	          0	             2	              0	           0	                2.5262	     3.9528	 -999      	 -999      	 -999      	 -999      	 -999      	 -999      	 -999      	 -999
       5	 temp   	 a      	 Part1	 far_displaced 	 circle    	          2	 0.5               	 varying   	 practice       	              0	 n/a                     	 -999                                	 -999           	 -999               	       2.7111	            5.8527	        89	                89	                  0	                 84	 right         	                10.0	 -999              	 ok     	            0	 -999         	 -999.0       	               5.215	             1	          0	             2	              0	           0	                2.9625	     4.2583	 -999      	 -999      	 -999      	 -999      	 -999      	 -999      	 -999      	 -999
       6	 temp   	 a      	 Part1	 centred       	 circle    	          2	 1.0               	 standard  	 practice       	              0	 n/a                     	 -999                                	 -999           	 -999               	       4.3661	            1.2245	        89	                89	                  0	                 77	 center        	                 0.0	 -999              	 ok     	            0	 -999         	 -999.0       	               5.135	             1	          0	             3	              0	           0	                2.3742	     3.3938	 4.6061    	 -999      	 -999      	 -999      	 -999      	 -999      	 -999      	 -999
       7	 temp   	 a      	 Part1	 far_displaced 	 circle    	          2	 1.0               	 varying   	 practice       	              0	 n/a                     	 -999                                	 -999           	 -999               	       3.1699	            0.0283	        89	                89	                  0	                 96	 right         	                10.0	 -999              	 ok     	            0	 -999         	 -999.0       	               5.373	             1	          0	             3	              0	           0	                2.0454	     2.6196	 4.1462    	 -999      	 -999      	 -999      	 -999      	 -999      	 -999      	 -999
       8	 temp   	 a      	 Part1	 centred       	 circle    	          2	 0.5               	 standard  	 practice       	              0	 n/a                     	 -999                                	 -999           	 -999               	       2.8264	            5.968 	        89	                89	                  0	                 73	 center        	                 0.0	 -999              	 ok     	            0	 -999         	 -999.0       	               5.068	             1	          0	             3	              0	           0	                1.7302	     2.2529	 4.0203    	 -999      	 -999      	 -999      	 -999      	 -999      	 -999      	 -999
       9	 temp   	 a      	 Part1	 near_displaced	 circle    	          2	 1.0               	 standard  	 practice       	              0	 n/a                     	 -999                                	 -999           	 -999               	       4.1373	            0.9957	        89	                89	                  0	                 88	 left          	                 5.0	 -999              	 ok     	            0	 -999         	 -999.0       	               5.268	             1	          0	             2	              0	           0	                2.8228	     4.1133	 -999      	 -999      	 -999      	 -999      	 -999      	 -999      	 -999      	 -999
      10	 temp   	 a      	 Part1	 near_displaced	 circle    	          2	 0.7               	 standard  	 staircase      	              1	 stair1                  	 Part1|near_displaced|standard|stair1	 0.7            	 -0.7               	       1.5842	            4.7258	        89	                89	                  0	                 69	 right         	                 5.0	 -999              	 ok     	            0	 -999         	 -999.0       	               5.2  	             1	          0	             3	              2	           1	                1.9664	     2.7056	 3.8344    	 -999      	 -999      	 -999      	 -999      	 -999      	 -999      	 -999
      11	 temp   	 a      	 Part1	 centred       	 circle    	          2	 0.7               	 standard  	 staircase      	              1	 stair1                  	 Part1|centred|standard|stair1       	 0.7            	 -0.7               	       3.1832	            0.0416	        89	                89	                  0	                 88	 center        	                 0.0	 -999              	 ok     	            0	 -999         	 -999.0       	               5.416	             1	          0	             2	              0	           0	                2.7378	     4.2451	 -999      	 -999      	 -999      	 -999      	 -999      	 -999      	 -999      	 -999
      12	 temp   	 a      	 Part1	 far_displaced 	 circle    	          2	 0.7               	 standard  	 staircase      	              1	 stair1                  	 Part1|far_displaced|standard|stair1 	 0.7            	 -0.7               	       4.8503	            1.7088	        89	                89	                  0	                 67	 left          	                10.0	 -999              	 ok     	            0	 -999         	 -999.0       	               5.133	             1	          0	             3	              0	           0	                2.0304	     3.4125	 4.7775    	 -999      	 -999      	 -999      	 -999      	 -999      	 -999      	 -999
      13	 temp   	 a      	 Part1	 near_displaced	 circle    	          2	 0.7               	 varying   	 staircase      	              1	 stair1                  	 Part1|near_displaced|varying|stair1 	 0.7            	 -0.7               	       1.6371	            4.7787	        89	                89	                  0	                 84	 right         	                 5.0	 -999              	 ok     	            0	 -999         	 -999.0       	               5.35 	             1	          0	             2	              0	           0	                2.9253	     4.7843	 -999      	 -999      	 -999      	 -999      	 -999      	 -999      	 -999      	 -999
      14	 temp   	 a      	 Part1	 far_displaced 	 circle    	          2	 0.7               	 varying   	 staircase      	              1	 stair1                  	 Part1|far_displaced|varying|stair1  	 0.7            	 -0.7               	       3.5901	            0.4485	        89	                89	                  0	                 88	 left          	                10.0	 -999              	 ok     	            0	 -999         	 -999.0       	               5.583	             1	          0	             2	              2	           2	                3.0816	     3.8248	 -999      	 -999      	 -999      	 -999      	 -999      	 -999      	 -999      	 -999
      15	 temp   	 a      	 Part1	 centred       	 circle    	          2	 1.5               	 standard  	 staircase      	              2	 stair2                  	 Part1|centred|standard|stair2       	 1.5            	 -1.5               	       5.4098	            2.2682	        89	                89	                  0	                 84	 center        	                 0.0	 -999              	 ok     	            0	 -999         	 -999.0       	               5.4  	             1	          0	             2	              2	           2	                3.0494	     4.1431	 -999      	 -999      	 -999      	 -999      	 -999      	 -999      	 -999      	 -999
      16	 temp   	 a      	 Part1	 near_displaced	 circle    	          2	 1.5               	 varying   	 staircase      	              2	 stair2                  	 Part1|near_displaced|varying|stair2 	 1.5            	 -1.5               	       2.8638	            6.0054	        89	                89	                  0	                 91	 right         	                 5.0	 -999              	 ok     	            0	 -999         	 -999.0       	               5.5  	             1	          0	             2	              2	           2	                2.5625	     3.9549	 -999      	 -999      	 -999      	 -999      	 -999      	 -999      	 -999      	 -999
      17	 temp   	 a      	 Part1	 near_displaced	 circle    	          2	 1.5               	 standard  	 staircase      	              2	 stair2                  	 Part1|near_displaced|standard|stair2	 1.5            	 -1.5               	       5.2693	            2.1277	        89	                89	                  0	                 62	 left          	                 5.0	 -999              	 ok     	            0	 -999         	 -999.0       	               5.1  	             1	          0	             2	              0	           0	                1.7877	     3.6525	 -999      	 -999      	 -999      	 -999      	 -999      	 -999      	 -999      	 -999
      18	 temp   	 a      	 Part1	 far_displaced 	 circle    	          2	 1.5               	 varying   	 staircase      	              2	 stair2                  	 Part1|far_displaced|varying|stair2  	 1.5            	 -1.5               	       2.1406	            5.2822	        89	                89	                  0	                 80	 right         	                10.0	 -999              	 ok     	            0	 -999         	 -999.0       	               5.349	             1	          0	             3	              0	           0	                2.3623	     2.8874	 4.1566    	 -999      	 -999      	 -999      	 -999      	 -999      	 -999      	 -999
      19	 temp   	 a      	 Part1	 far_displaced 	 circle    	          2	 1.5               	 standard  	 staircase      	              2	 stair2                  	 Part1|far_displaced|standard|stair2 	 1.5            	 -1.5               	       0.3312	            3.4728	        89	                89	                  0	                 83	 left          	                10.0	 -999              	 ok     	            0	 -999         	 -999.0       	               5.433	             1	          0	             2	              0	           0	                2.1374	     3.8435	 -999      	 -999      	 -999      	 -999      	 -999      	 -999      	 -999      	 -999
      20	 temp   	 a      	 Part1	 near_displaced	 circle    	          2	 0.7               	 varying   	 staircase      	              1	 stair1                  	 Part1|near_displaced|varying|stair1 	 0.7            	 -0.7               	       1.379 	            4.5206	        89	                89	                  0	                 79	 left          	                 5.0	 -999              	 ok     	            0	 -999         	 -999.0       	               5.366	             1	          0	             3	              0	           0	                2.4293	     3.1471	 4.9178    	 -999      	 -999      	 -999      	 -999      	 -999      	 -999      	 -999
      21	 temp   	 a      	 Part1	 near_displaced	 circle    	          2	 0.2               	 standard  	 attention_check	              0	 n/a                     	 -999                                	 -999           	 -999               	       4.0555	            0.9139	        89	                89	                  0	                 60	 right         	                 5.0	 -999              	 ok     	            0	 -999         	 -999.0       	               5.133	             1	          0	             3	              2	           1	                1.9448	     2.7746	 4.6523    	 -999      	 -999      	 -999      	 -999      	 -999      	 -999      	 -999
      22	 temp   	 a      	 Part1	 far_displaced 	 circle    	          2	 0.7               	 standard  	 staircase      	              1	 stair1                  	 Part1|far_displaced|standard|stair1 	 0.7            	 -0.7               	       1.7792	            4.9207	        89	                89	                  0	                 71	 left          	                10.0	 -999              	 ok     	            0	 -999         	 -999.0       	               5.3  	             1	          0	             2	              0	           0	                2.9375	     4.0074	 -999      	 -999      	 -999      	 -999      	 -999      	 -999      	 -999      	 -999
      23	 temp   	 a      	 Part1	 far_displaced 	 circle    	          2	 0.7               	 varying   	 staircase      	              1	 stair1                  	 Part1|far_displaced|varying|stair1  	 0.7            	 -0.7               	       1.6431	            4.7847	        89	                89	                  0	                 92	 right         	                10.0	 -999              	 ok     	            0	 -999         	 -999.0       	               5.733	             1	          0	             2	              1	           0	                1.7586	     3.6205	 -999      	 -999      	 -999      	 -999      	 -999      	 -999      	 -999      	 -999
      24	 temp   	 a      	 Part1	 centred       	 circle    	          2	 0.7               	 standard  	 staircase      	              1	 stair1                  	 Part1|centred|standard|stair1       	 0.7            	 -0.7               	       3.0226	            6.1642	        89	                89	                  0	                 72	 center        	                 0.0	 -999              	 ok     	            0	 -999         	 -999.0       	               5.332	             1	          0	             2	              0	           0	                2.5029	     3.5307	 -999      	 -999      	 -999      	 -999      	 -999      	 -999      	 -999      	 -999
      25	 temp   	 a      	 Part1	 near_displaced	 circle    	          2	 0.7               	 standard  	 staircase      	              1	 stair1                  	 Part1|near_displaced|standard|stair1	 0.7            	 -0.7               	       4.1537	            1.0121	        89	                89	                  0	                 87	 right         	                 5.0	 -999              	 ok     	            0	 -999         	 -999.0       	               5.516	             1	          0	             2	              0	           0	                2.7413	     3.9341	 -999      	 -999      	 -999      	 -999      	 -999      	 -999      	 -999      	 -999
      26	 temp   	 a      	 Part1	 centred       	 circle    	          2	 1.5               	 standard  	 staircase      	              2	 stair2                  	 Part1|centred|standard|stair2       	 1.5            	 -1.5               	       2.3406	            5.4822	        89	                89	                  0	                 84	 center        	                 0.0	 -999              	 ok     	            0	 -999         	 -999.0       	               5.481	             1	          0	             3	              0	           0	                2.1124	     2.8507	 3.8909    	 -999      	 -999      	 -999      	 -999      	 -999      	 -999      	 -999
      27	 temp   	 a      	 Part1	 near_displaced	 circle    	          2	 1.5               	 varying   	 staircase      	              2	 stair2                  	 Part1|near_displaced|varying|stair2 	 1.5            	 -1.5               	       0.2646	            3.4062	        89	                89	                  0	                 73	 left          	                 5.0	 -999              	 ok     	            0	 -999         	 -999.0       	               5.35 	             1	          0	             4	              1	           1	                1.7218	     2.9249	 3.4573    	 5.1551    	 -999      	 -999      	 -999      	 -999      	 -999      	 -999
      28	 temp   	 a      	 Part1	 near_displaced	 circle    	          2	 1.5               	 standard  	 staircase      	              2	 stair2                  	 Part1|near_displaced|standard|stair2	 1.5            	 -1.5               	       4.5283	            1.3867	        89	                89	                  0	                 92	 left          	                 5.0	 -999              	 ok     	            0	 -999         	 -999.0       	               5.6  	             1	          0	             3	              0	           0	                2.01  	     2.7615	 4.2465    	 -999      	 -999      	 -999      	 -999      	 -999      	 -999      	 -999
      29	 temp   	 a      	 Part1	 far_displaced 	 circle    	          2	 1.5               	 standard  	 staircase      	              2	 stair2                  	 Part1|far_displaced|standard|stair2 	 1.5            	 -1.5               	       5.7952	            2.6536	        89	                89	                  0	                 70	 right         	                10.0	 -999              	 ok     	            0	 -999         	 -999.0       	               5.35 	             1	          0	             2	              2	           1	                2.2012	     3.746 	 -999      	 -999      	 -999      	 -999      	 -999      	 -999      	 -999      	 -999
      30	 temp   	 a      	 Part1	 far_displaced 	 circle    	          2	 1.5               	 varying   	 staircase      	              2	 stair2                  	 Part1|far_displaced|varying|stair2  	 1.5            	 -1.5               	       6.0037	            2.8621	        89	                89	                  0	                 82	 left          	                10.0	 -999              	 ok     	            0	 -999         	 -999.0       	               5.5  	             1	          0	             4	              1	           1	                1.7718	     2.5599	 3.1075    	 4.1388    	 -999      	 -999      	 -999      	 -999      	 -999      	 -999
      31	 temp   	 a      	 Part1	 far_displaced 	 circle    	          2	 0.2               	 varying   	 attention_check	              0	 n/a                     	 -999                                	 -999           	 -999               	       1.3817	            4.5233	        89	                89	                  0	                 86	 right         	                10.0	 -999              	 ok     	            0	 -999         	 -999.0       	               5.566	             1	          0	             2	              0	           0	                2.8142	     3.8275	 -999      	 -999      	 -999      	 -999      	 -999      	 -999      	 -999      	 -999
      32	 temp   	 a      	 Part1	 near_displaced	 circle    	          2	 0.7               	 varying   	 staircase      	              1	 stair1                  	 Part1|near_displaced|varying|stair1 	 0.7            	 -0.7               	       3.6407	            0.4991	        89	                89	                  0	                 83	 right         	                 5.0	 -999              	 ok     	            0	 -999         	 -999.0       	               5.55 	             1	          0	             2	              2	           1	                2.8756	     3.6284	 -999      	 -999      	 -999      	 -999      	 -999      	 -999      	 -999      	 -999
      33	 temp   	 a      	 Part1	 near_displaced	 circle    	          2	 0.7               	 standard  	 staircase      	              1	 stair1                  	 Part1|near_displaced|standard|stair1	 0.7            	 -0.7               	       5.2066	            2.065 	        89	                89	                  0	                 62	 left          	                 5.0	 -999              	 ok     	            0	 -999         	 -999.0       	               5.266	             1	          0	             2	              0	           0	                2.6391	     3.493 	 -999      	 -999      	 -999      	 -999      	 -999      	 -999      	 -999      	 -999
      34	 temp   	 a      	 Part1	 centred       	 circle    	          2	 0.7               	 standard  	 staircase      	              1	 stair1                  	 Part1|centred|standard|stair1       	 0.7            	 -0.7               	       3.8298	            0.6882	        89	                89	                  0	                 63	 center        	                 0.0	 -999              	 ok     	            0	 -999         	 -999.0       	               5.45 	             1	          0	             3	              1	           0	                2.1294	     2.8863	 3.8923    	 -999      	 -999      	 -999      	 -999      	 -999      	 -999      	 -999
      35	 temp   	 a      	 Part1	 far_displaced 	 circle    	          2	 0.7               	 standard  	 staircase      	              1	 stair1                  	 Part1|far_displaced|standard|stair1 	 0.7            	 -0.7               	       0.9316	            4.0732	        89	                89	                  0	                 76	 right         	                10.0	 -999              	 ok     	            0	 -999         	 -999.0       	               5.482	             1	          0	             2	              1	           1	                3.0544	     3.8454	 -999      	 -999      	 -999      	 -999      	 -999      	 -999      	 -999      	 -999
      36	 temp   	 a      	 Part1	 far_displaced 	 circle    	          2	 0.7               	 varying   	 staircase      	              1	 stair1                  	 Part1|far_displaced|varying|stair1  	 0.7            	 -0.7               	       1.0078	            4.1494	        89	                89	                  0	                 95	 left          	                10.0	 -999              	 ok     	            0	 -999         	 -999.0       	               5.733	             1	          0	             2	              0	           0	                2.7804	     4.056 	 -999      	 -999      	 -999      	 -999      	 -999      	 -999      	 -999      	 -999
      37	 temp   	 a      	 Part1	 near_displaced	 circle    	          2	 1.5               	 varying   	 staircase      	              2	 stair2                  	 Part1|near_displaced|varying|stair2 	 1.5            	 -1.5               	       0.6691	            3.8107	        89	                89	                  0	                 74	 right         	                 5.0	 -999              	 ok     	            0	 -999         	 -999.0       	               5.499	             1	          0	             2	              3	           3	                2.2009	     3.4897	 -999      	 -999      	 -999      	 -999      	 -999      	 -999      	 -999      	 -999
      38	 temp   	 a      	 Part1	 near_displaced	 circle    	          2	 1.5               	 standard  	 staircase      	              2	 stair2                  	 Part1|near_displaced|standard|stair2	 1.5            	 -1.5               	       5.1079	            1.9663	        89	                89	                  0	                 67	 left          	                 5.0	 -999              	 ok     	            0	 -999         	 -999.0       	               5.45 	             1	          0	             4	              4	           4	                1.7356	     2.4029	 3.2984    	 4.7428    	 -999      	 -999      	 -999      	 -999      	 -999      	 -999
      39	 temp   	 a      	 Part1	 far_displaced 	 circle    	          2	 1.5               	 varying   	 staircase      	              2	 stair2                  	 Part1|far_displaced|varying|stair2  	 1.5            	 -1.5               	       3.8258	            0.6842	        89	                89	                  0	                 70	 left          	                10.0	 -999              	 ok     	            0	 -999         	 -999.0       	               5.416	             1	          0	             2	              0	           0	                2.859 	     3.857 	 -999      	 -999      	 -999      	 -999      	 -999      	 -999      	 -999      	 -999
      40	 temp   	 a      	 Part1	 far_displaced 	 circle    	          2	 1.5               	 standard  	 staircase      	              2	 stair2                  	 Part1|far_displaced|standard|stair2 	 1.5            	 -1.5               	       3.3685	            0.2269	        89	                89	                  0	                 90	 right         	                10.0	 -999              	 ok     	            0	 -999         	 -999.0       	               5.716	             1	          0	             3	              0	           0	                1.8908	     3.3909	 4.33      	 -999      	 -999      	 -999      	 -999      	 -999      	 -999      	 -999
      41	 temp   	 a      	 Part1	 centred       	 circle    	          2	 1.5               	 standard  	 staircase      	              2	 stair2                  	 Part1|centred|standard|stair2       	 1.5            	 -1.5               	       4.0094	            0.8678	        89	                89	                  0	                 82	 center        	                 0.0	 -999              	 ok     	            0	 -999         	 -999.0       	               5.616	             1	          0	             4	              1	           0	                2.1329	     2.7149	 3.4112    	 5.2963    	 -999      	 -999      	 -999      	 -999      	 -999      	 -999
      42	 temp   	 a      	 Part1	 near_displaced	 circle    	          2	 0.2               	 varying   	 attention_check	              0	 n/a                     	 -999                                	 -999           	 -999               	       1.1594	            4.301 	        89	                89	                  0	                 78	 right         	                 5.0	 -999              	 ok     	            0	 -999         	 -999.0       	               5.567	             1	          0	             2	              0	           0	                2.3893	     3.6725	 -999      	 -999      	 -999      	 -999      	 -999      	 -999      	 -999      	 -999
      43	 temp   	 a      	 Part1	 far_displaced 	 circle    	          2	 1.0               	 standard  	 staircase      	              1	 stair1                  	 Part1|far_displaced|standard|stair1 	 0.7            	 -1.0               	       3.8043	            0.6627	        89	                89	                  0	                 96	 left          	                10.0	 -999              	 ok     	            0	 -999         	 -999.0       	               5.833	             1	          0	             2	              2	           1	                2.5726	     4.2713	 -999      	 -999      	 -999      	 -999      	 -999      	 -999      	 -999      	 -999
      44	 temp   	 a      	 Part1	 near_displaced	 circle    	          2	 1.0               	 standard  	 staircase      	              1	 stair1                  	 Part1|near_displaced|standard|stair1	 0.7            	 -1.0               	       4.6264	            1.4848	        89	                89	                  0	                 71	 left          	                 5.0	 -999              	 ok     	            0	 -999         	 -999.0       	               5.583	             1	          0	             3	              4	           4	                2.0532	     3.066 	 4.1822    	 -999      	 -999      	 -999      	 -999      	 -999      	 -999      	 -999
      45	 temp   	 a      	 Part1	 near_displaced	 circle    	          2	 1.0               	 varying   	 staircase      	              1	 stair1                  	 Part1|near_displaced|varying|stair1 	 0.7            	 -1.0               	       3.2686	            0.127 	        89	                89	                  0	                 79	 right         	                 5.0	 -999              	 ok     	            0	 -999         	 -999.0       	               5.616	             1	          0	             3	              3	           3	                2.0228	     2.6494	 4.3815    	 -999      	 -999      	 -999      	 -999      	 -999      	 -999      	 -999
      46	 temp   	 a      	 Part1	 far_displaced 	 circle    	          2	 1.0               	 varying   	 staircase      	              1	 stair1                  	 Part1|far_displaced|varying|stair1  	 0.7            	 -1.0               	       4.8764	            1.7348	        89	                89	                  0	                 90	 left          	                10.0	 -999              	 ok     	            0	 -999         	 -999.0       	               5.867	             1	          0	             2	              3	           3	                1.8143	     3.772 	 -999      	 -999      	 -999      	 -999      	 -999      	 -999      	 -999      	 -999
      47	 temp   	 a      	 Part1	 centred       	 circle    	          2	 1.0               	 standard  	 staircase      	              1	 stair1                  	 Part1|centred|standard|stair1       	 0.7            	 -1.0               	       4.3521	            1.2105	        89	                89	                  0	                 75	 center        	                 0.0	 -999              	 ok     	            0	 -999         	 -999.0       	               5.616	             1	          0	             2	              2	           1	                2.5818	     4.0698	 -999      	 -999      	 -999      	 -999      	 -999      	 -999      	 -999      	 -999
      48	 temp   	 a      	 Part1	 far_displaced 	 circle    	          2	 1.8               	 varying   	 staircase      	              2	 stair2                  	 Part1|far_displaced|varying|stair2  	 1.5            	 -1.8               	       3.1491	            0.0075	        89	                89	                  0	                 95	 right         	                10.0	 -999              	 ok     	            0	 -999         	 -999.0       	               5.899	             1	          0	             4	              2	           1	                1.7473	     2.4422	 3.0849    	 4.7267    	 -999      	 -999      	 -999      	 -999      	 -999      	 -999
      49	 temp   	 a      	 Part1	 near_displaced	 circle    	          2	 1.8               	 standard  	 staircase      	              2	 stair2                  	 Part1|near_displaced|standard|stair2	 1.5            	 -1.8               	       1.8072	            4.9488	        89	                89	                  0	                 62	 right         	                 5.0	 -999              	 ok     	            0	 -999         	 -999.0       	               5.449	             1	          0	             3	              0	           0	                2.2701	     2.8643	 4.7426    	 -999      	 -999      	 -999      	 -999      	 -999      	 -999      	 -999
      50	 temp   	 a      	 Part1	 near_displaced	 circle    	          2	 1.8               	 varying   	 staircase      	              2	 stair2                  	 Part1|near_displaced|varying|stair2 	 1.5            	 -1.8               	       3.3382	            0.1966	        89	                89	                  0	                 70	 left          	                 5.0	 -999              	 ok     	            0	 -999         	 -999.0       	               5.549	             1	          0	             2	              2	           1	                2.9859	     3.869 	 -999      	 -999      	 -999      	 -999      	 -999      	 -999      	 -999      	 -999
      51	 temp   	 a      	 Part1	 far_displaced 	 circle    	          2	 1.8               	 standard  	 staircase      	              2	 stair2                  	 Part1|far_displaced|standard|stair2 	 1.5            	 -1.8               	       5.2207	            2.0791	        89	                89	                  0	                 61	 left          	                10.0	 -999              	 ok     	            0	 -999         	 -999.0       	               5.416	             1	          0	             2	              0	           0	                3.1208	     3.8957	 -999      	 -999      	 -999      	 -999      	 -999      	 -999      	 -999      	 -999
      52	 temp   	 a      	 Part1	 centred       	 circle    	          2	 1.8               	 standard  	 staircase      	              2	 stair2                  	 Part1|centred|standard|stair2       	 1.5            	 -1.8               	       1.9853	            5.1269	        89	                89	                  0	                 94	 center        	                 0.0	 -999              	 ok     	            0	 -999         	 -999.0       	               5.883	             1	          0	             2	              0	           0	                3.0114	     3.7716	 -999      	 -999      	 -999      	 -999      	 -999      	 -999      	 -999      	 -999
      53	 temp   	 a      	 Part1	 near_displaced	 circle    	          2	 0.2               	 varying   	 attention_check	              0	 n/a                     	 -999                                	 -999           	 -999               	       2.3654	            5.507 	        89	                89	                  0	                 77	 right         	                 5.0	 -999              	 ok     	            0	 -999         	 -999.0       	               5.666	             1	          0	             2	              1	           1	                3.0217	     4.8028	 -999      	 -999      	 -999      	 -999      	 -999      	 -999      	 -999      	 -999
      54	 temp   	 a      	 Part1	 near_displaced	 circle    	          2	 1.0               	 standard  	 staircase      	              1	 stair1                  	 Part1|near_displaced|standard|stair1	 0.7            	 -1.0               	       1.2934	            4.435 	        89	                89	                  0	                 61	 left          	                 5.0	 -999              	 ok     	            0	 -999         	 -999.0       	               5.483	             1	          0	             2	              2	           2	                2.3251	     3.9304	 -999      	 -999      	 -999      	 -999      	 -999      	 -999      	 -999      	 -999
      55	 temp   	 a      	 Part1	 far_displaced 	 circle    	          2	 1.0               	 varying   	 staircase      	              1	 stair1                  	 Part1|far_displaced|varying|stair1  	 0.7            	 -1.0               	       2.1899	            5.3315	        89	                89	                  0	                 86	 right         	                10.0	 -999              	 ok     	            0	 -999         	 -999.0       	               5.833	             1	          0	             2	              3	           0	                2.6784	     3.5369	 -999      	 -999      	 -999      	 -999      	 -999      	 -999      	 -999      	 -999
      56	 temp   	 a      	 Part1	 centred       	 circle    	          2	 1.0               	 standard  	 staircase      	              1	 stair1                  	 Part1|centred|standard|stair1       	 0.7            	 -1.0               	       0.1928	            3.3344	        89	                89	                  0	                 91	 center        	                 0.0	 -999              	 ok     	            0	 -999         	 -999.0       	               5.982	             1	          0	             3	              0	           0	                2.6104	     3.4369	 5.199     	 -999      	 -999      	 -999      	 -999      	 -999      	 -999      	 -999
      57	 temp   	 a      	 Part1	 near_displaced	 circle    	          2	 1.0               	 varying   	 staircase      	              1	 stair1                  	 Part1|near_displaced|varying|stair1 	 0.7            	 -1.0               	       1.6998	            4.8414	        89	                89	                  0	                 91	 left          	                 5.0	 -999              	 ok     	            0	 -999         	 -999.0       	               5.9  	             1	          0	             3	              0	           0	                2.6292	     3.3046	 4.2231    	 -999      	 -999      	 -999      	 -999      	 -999      	 -999      	 -999
      58	 temp   	 a      	 Part1	 far_displaced 	 circle    	          2	 1.0               	 standard  	 staircase      	              1	 stair1                  	 Part1|far_displaced|standard|stair1 	 0.7            	 -1.0               	       3.3764	            0.2348	        89	                89	                  0	                 64	 right         	                10.0	 -999              	 ok     	            0	 -999         	 -999.0       	               5.55 	             1	          0	             2	              2	           1	                2.7197	     3.7583	 -999      	 -999      	 -999      	 -999      	 -999      	 -999      	 -999      	 -999
      59	 temp   	 a      	 Part1	 centred       	 circle    	          2	 1.8               	 standard  	 staircase      	              2	 stair2                  	 Part1|centred|standard|stair2       	 1.5            	 -1.8               	       0.4523	            3.5939	        89	                89	                  0	                 78	 center        	                 0.0	 -999              	 ok     	            0	 -999         	 -999.0       	               5.733	             1	          0	             3	              0	           0	                2.512 	     3.2276	 4.9316    	 -999      	 -999      	 -999      	 -999      	 -999      	 -999      	 -999
      60	 temp   	 a      	 Part1	 far_displaced 	 circle    	          2	 1.8               	 varying   	 staircase      	              2	 stair2                  	 Part1|far_displaced|varying|stair2  	 1.5            	 -1.8               	       1.1662	            4.3078	        89	                89	                  0	                 89	 left          	                10.0	 -999              	 ok     	            0	 -999         	 -999.0       	               5.9  	             1	          0	             2	              1	           1	                2.6635	     4.2324	 -999      	 -999      	 -999      	 -999      	 -999      	 -999      	 -999      	 -999
      61	 temp   	 a      	 Part1	 near_displaced	 circle    	          2	 1.8               	 standard  	 staircase      	              2	 stair2                  	 Part1|near_displaced|standard|stair2	 1.5            	 -1.8               	       4.9234	            1.7818	        89	                89	                  0	                 63	 right         	                 5.0	 -999              	 ok     	            0	 -999         	 -999.0       	               5.599	             1	          0	             2	              1	           1	                2.2443	     3.9807	 -999      	 -999      	 -999      	 -999      	 -999      	 -999      	 -999      	 -999
      62	 temp   	 a      	 Part1	 near_displaced	 circle    	          2	 1.8               	 varying   	 staircase      	              2	 stair2                  	 Part1|near_displaced|varying|stair2 	 1.5            	 -1.8               	       5.4827	            2.3411	        89	                89	                  0	                 70	 left          	                 5.0	 -999              	 ok     	            0	 -999         	 -999.0       	               5.65 	             1	          0	             2	              0	           0	                2.6658	     4.312 	 -999      	 -999      	 -999      	 -999      	 -999      	 -999      	 -999      	 -999
      63	 temp   	 a      	 Part1	 far_displaced 	 circle    	          2	 1.8               	 standard  	 staircase      	              2	 stair2                  	 Part1|far_displaced|standard|stair2 	 1.5            	 -1.8               	       4.0321	            0.8905	        89	                89	                  0	                 93	 right         	                10.0	 -999              	 ok     	            0	 -999         	 -999.0       	               6.0  	             1	          0	             2	              0	           0	                2.9074	     3.8478	 -999      	 -999      	 -999      	 -999      	 -999      	 -999      	 -999      	 -999
      64	 temp   	 a      	 Part1	 far_displaced 	 circle    	          2	 0.2               	 standard  	 attention_check	              0	 n/a                     	 -999                                	 -999           	 -999               	       0.3845	            3.5261	        89	                89	                  0	                 95	 left          	                10.0	 -999              	 ok     	            0	 -999         	 -999.0       	               6.033	             1	          0	             2	              2	           1	                2.8111	     3.6717	 -999      	 -999      	 -999      	 -999      	 -999      	 -999      	 -999      	 -999
      65	 temp   	 a      	 Part1	 far_displaced 	 circle    	          2	 1.0               	 varying   	 staircase      	              1	 stair1                  	 Part1|far_displaced|varying|stair1  	 0.7            	 -1.0               	       2.0522	            5.1938	        89	                89	                  0	                 86	 right         	                10.0	 -999              	 ok     	            0	 -999         	 -999.0       	               6.032	             1	          0	             2	              0	           0	                2.59  	     3.6217	 -999      	 -999      	 -999      	 -999      	 -999      	 -999      	 -999      	 -999
      66	 temp   	 a      	 Part1	 far_displaced 	 circle    	          2	 1.0               	 standard  	 staircase      	              1	 stair1                  	 Part1|far_displaced|standard|stair1 	 0.7            	 -1.0               	       1.2433	            4.3849	        89	                89	                  0	                 78	 left          	                10.0	 -999              	 ok     	            0	 -999         	 -999.0       	               5.816	             1	          0	             3	              2	           2	                2.0162	     3.0984	 4.7809    	 -999      	 -999      	 -999      	 -999      	 -999      	 -999      	 -999
      67	 temp   	 a      	 Part1	 centred       	 circle    	          2	 1.0               	 standard  	 staircase      	              1	 stair1                  	 Part1|centred|standard|stair1       	 0.7            	 -1.0               	       5.5474	            2.4058	        89	                89	                  0	                 87	 center        	                 0.0	 -999              	 ok     	            0	 -999         	 -999.0       	               5.967	             1	          0	             2	              2	           2	                3.1707	     4.6279	 -999      	 -999      	 -999      	 -999      	 -999      	 -999      	 -999      	 -999
      68	 temp   	 a      	 Part1	 near_displaced	 circle    	          2	 1.0               	 varying   	 staircase      	              1	 stair1                  	 Part1|near_displaced|varying|stair1 	 0.7            	 -1.0               	       0.5449	            3.6865	        89	                89	                  0	                 85	 right         	                 5.0	 -999              	 ok     	            0	 -999         	 -999.0       	               5.933	             1	          0	             2	              0	           0	                2.5937	     3.6777	 -999      	 -999      	 -999      	 -999      	 -999      	 -999      	 -999      	 -999
      69	 temp   	 a      	 Part1	 near_displaced	 circle    	          2	 1.0               	 standard  	 staircase      	              1	 stair1                  	 Part1|near_displaced|standard|stair1	 0.7            	 -1.0               	       3.349 	            0.2074	        89	                89	                  0	                 76	 right         	                 5.0	 -999              	 ok     	            0	 -999         	 -999.0       	               5.817	             1	          0	             2	              1	           0	                2.8083	     3.497 	 -999      	 -999      	 -999      	 -999      	 -999      	 -999      	 -999      	 -999
      70	 temp   	 a      	 Part1	 near_displaced	 circle    	          2	 1.8               	 varying   	 staircase      	              2	 stair2                  	 Part1|near_displaced|varying|stair2 	 1.5            	 -1.8               	       2.6971	            5.8387	        89	                89	                  0	                 60	 left          	                 5.0	 -999              	 ok     	            0	 -999         	 -999.0       	               5.616	             1	          0	             3	              0	           0	                2.1667	     2.7054	 3.8324    	 -999      	 -999      	 -999      	 -999      	 -999      	 -999      	 -999
      71	 temp   	 a      	 Part1	 far_displaced 	 circle    	          2	 1.8               	 standard  	 staircase      	              2	 stair2                  	 Part1|far_displaced|standard|stair2 	 1.5            	 -1.8               	       6.0508	            2.9092	        89	                89	                  0	                 69	 left          	                10.0	 -999              	 ok     	            0	 -999         	 -999.0       	               5.75 	             1	          0	             3	              1	           1	                2.747 	     3.3865	 4.5357    	 -999      	 -999      	 -999      	 -999      	 -999      	 -999      	 -999
      72	 temp   	 a      	 Part1	 far_displaced 	 circle    	          2	 1.8               	 varying   	 staircase      	              2	 stair2                  	 Part1|far_displaced|varying|stair2  	 1.5            	 -1.8               	       5.7045	            2.5629	        89	                89	                  0	                 88	 right         	                10.0	 -999              	 ok     	            0	 -999         	 -999.0       	               6.016	             1	          0	             2	              2	           2	                3.1255	     4.8952	 -999      	 -999      	 -999      	 -999      	 -999      	 -999      	 -999      	 -999
      73	 temp   	 a      	 Part1	 centred       	 circle    	          2	 1.8               	 standard  	 staircase      	              2	 stair2                  	 Part1|centred|standard|stair2       	 1.5            	 -1.8               	       1.9949	            5.1365	        89	                89	                  0	                 86	 center        	                 0.0	 -999              	 ok     	            0	 -999         	 -999.0       	               6.083	             1	          0	             2	              2	           2	                2.526 	     3.8093	 -999      	 -999      	 -999      	 -999      	 -999      	 -999      	 -999      	 -999
      74	 temp   	 a      	 Part1	 near_displaced	 circle    	          2	 1.8               	 standard  	 staircase      	              2	 stair2                  	 Part1|near_displaced|standard|stair2	 1.5            	 -1.8               	       5.8546	            2.713 	        89	                89	                  0	                 80	 left          	                 5.0	 -999              	 ok     	            0	 -999         	 -999.0       	               5.899	             1	          0	             2	              0	           0	                2.6335	     3.9677	 -999      	 -999      	 -999      	 -999      	 -999      	 -999      	 -999      	 -999
      75	 temp   	 a      	 Part1	 far_displaced 	 circle    	          2	 0.2               	 standard  	 attention_check	              0	 n/a                     	 -999                                	 -999           	 -999               	       4.0326	            0.891 	        89	                89	                  0	                 72	 right         	                10.0	 -999              	 ok     	            0	 -999         	 -999.0       	               5.833	             1	          0	             3	              2	           2	                2.0081	     3.0057	 3.9068    	 -999      	 -999      	 -999      	 -999      	 -999      	 -999      	 -999
      76	 temp   	 a      	 Part1	 near_displaced	 circle    	          2	 1.3               	 standard  	 staircase      	              1	 stair1                  	 Part1|near_displaced|standard|stair1	 0.7            	 -1.3               	       2.3146	            5.4562	        89	                89	                  0	                 74	 right         	                 5.0	 -999              	 ok     	            0	 -999         	 -999.0       	               5.899	             1	          0	             2	              0	           0	                2.6198	     3.5933	 -999      	 -999      	 -999      	 -999      	 -999      	 -999      	 -999      	 -999
      77	 temp   	 a      	 Part1	 near_displaced	 circle    	          2	 1.3               	 varying   	 staircase      	              1	 stair1                  	 Part1|near_displaced|varying|stair1 	 0.7            	 -1.3               	       3.9819	            0.8403	        89	                89	                  0	                 88	 left          	                 5.0	 -999              	 ok     	            0	 -999         	 -999.0       	               6.099	             1	          0	             3	              4	           4	                1.7575	     2.5049	 3.4945    	 -999      	 -999      	 -999      	 -999      	 -999      	 -999      	 -999
      78	 temp   	 a      	 Part1	 far_displaced 	 circle    	          2	 1.3               	 varying   	 staircase      	              1	 stair1                  	 Part1|far_displaced|varying|stair1  	 0.7            	 -1.3               	       5.3667	            2.2251	        89	                89	                  0	                 67	 left          	                10.0	 -999              	 ok     	            0	 -999         	 -999.0       	               5.816	             1	          0	             3	              4	           2	                1.7735	     3.1857	 3.7931    	 -999      	 -999      	 -999      	 -999      	 -999      	 -999      	 -999
      79	 temp   	 a      	 Part1	 far_displaced 	 circle    	          2	 1.3               	 standard  	 staircase      	              1	 stair1                  	 Part1|far_displaced|standard|stair1 	 0.7            	 -1.3               	       0.4256	            3.5672	        89	                89	                  0	                 89	 right         	                10.0	 -999              	 ok     	            0	 -999         	 -999.0       	               6.066	             1	          0	             4	              0	           0	                1.8478	     2.7641	 3.3129    	 3.9728    	 -999      	 -999      	 -999      	 -999      	 -999      	 -999
      80	 temp   	 a      	 Part1	 centred       	 circle    	          2	 1.3               	 standard  	 staircase      	              1	 stair1                  	 Part1|centred|standard|stair1       	 0.7            	 -1.3               	       3.2128	            0.0712	        89	                89	                  0	                 97	 center        	                 0.0	 -999              	 ok     	            0	 -999         	 -999.0       	               6.217	             1	          0	             2	              1	           1	                1.9011	     3.5361	 -999      	 -999      	 -999      	 -999      	 -999      	 -999      	 -999      	 -999
      81	 temp   	 a      	 Part1	 centred       	 circle    	          2	 2.1               	 standard  	 staircase      	              2	 stair2                  	 Part1|centred|standard|stair2       	 1.5            	 -2.1               	       5.2105	            2.0689	        89	                89	                  0	                 78	 center        	                 0.0	 -999              	 ok     	            0	 -999         	 -999.0       	               6.033	             1	          0	             2	              0	           0	                2.4512	     4.2723	 -999      	 -999      	 -999      	 -999      	 -999      	 -999      	 -999      	 -999
      82	 temp   	 a      	 Part1	 near_displaced	 circle    	          2	 2.1               	 varying   	 staircase      	              2	 stair2                  	 Part1|near_displaced|varying|stair2 	 1.5            	 -2.1               	       1.4387	            4.5802	        89	                89	                  0	                 89	 left          	                 5.0	 -999              	 ok     	            0	 -999         	 -999.0       	               6.1  	             1	          0	             2	              0	           0	                3.0596	     3.6922	 -999      	 -999      	 -999      	 -999      	 -999      	 -999      	 -999      	 -999
      83	 temp   	 a      	 Part1	 far_displaced 	 circle    	          2	 2.1               	 varying   	 staircase      	              2	 stair2                  	 Part1|far_displaced|varying|stair2  	 1.5            	 -2.1               	       3.2239	            0.0823	        89	                89	                  0	                 86	 right         	                10.0	 -999              	 ok     	            0	 -999         	 -999.0       	               6.066	             1	          0	             2	              0	           0	                2.4533	     3.4802	 -999      	 -999      	 -999      	 -999      	 -999      	 -999      	 -999      	 -999
      84	 temp   	 a      	 Part1	 near_displaced	 circle    	          2	 2.1               	 standard  	 staircase      	              2	 stair2                  	 Part1|near_displaced|standard|stair2	 1.5            	 -2.1               	       4.9873	            1.8457	        89	                89	                  0	                 66	 right         	                 5.0	 -999              	 ok     	            0	 -999         	 -999.0       	               5.85 	             1	          0	             2	              2	           1	                2.2866	     3.7613	 -999      	 -999      	 -999      	 -999      	 -999      	 -999      	 -999      	 -999
      85	 temp   	 a      	 Part1	 far_displaced 	 circle    	          2	 2.1               	 standard  	 staircase      	              2	 stair2                  	 Part1|far_displaced|standard|stair2 	 1.5            	 -2.1               	       3.2416	            0.1001	        89	                89	                  0	                 67	 left          	                10.0	 -999              	 ok     	            0	 -999         	 -999.0       	               5.85 	             1	          0	             2	              0	           0	                2.7325	     3.7349	 -999      	 -999      	 -999      	 -999      	 -999      	 -999      	 -999      	 -999
      86	 temp   	 a      	 Part1	 far_displaced 	 circle    	          2	 0.2               	 varying   	 attention_check	              0	 n/a                     	 -999                                	 -999           	 -999               	       4.593 	            1.4514	        89	                89	                  0	                 82	 right         	                10.0	 -999              	 ok     	            0	 -999         	 -999.0       	               6.066	             1	          0	             3	              0	           0	                2.5872	     3.339 	 5.1504    	 -999      	 -999      	 -999      	 -999      	 -999      	 -999      	 -999
      87	 temp   	 a      	 Part1	 near_displaced	 circle    	          2	 1.3               	 standard  	 staircase      	              1	 stair1                  	 Part1|near_displaced|standard|stair1	 0.7            	 -1.3               	       5.255 	            2.1134	        89	                89	                  0	                 94	 left          	                 5.0	 -999              	 ok     	            0	 -999         	 -999.0       	               6.216	             1	          0	             3	              0	           0	                2.423 	     3.1261	 3.955     	 -999      	 -999      	 -999      	 -999      	 -999      	 -999      	 -999
      88	 temp   	 a      	 Part1	 far_displaced 	 circle    	          2	 1.3               	 standard  	 staircase      	              1	 stair1                  	 Part1|far_displaced|standard|stair1 	 0.7            	 -1.3               	       6.023 	            2.8814	        89	                89	                  0	                 96	 left          	                10.0	 -999              	 ok     	            0	 -999         	 -999.0       	               6.266	             1	          0	             2	              0	           0	                2.9944	     4.0214	 -999      	 -999      	 -999      	 -999      	 -999      	 -999      	 -999      	 -999
      89	 temp   	 a      	 Part1	 centred       	 circle    	          2	 1.3               	 standard  	 staircase      	              1	 stair1                  	 Part1|centred|standard|stair1       	 0.7            	 -1.3               	       6.119 	            2.9774	        89	                89	                  0	                 67	 center        	                 0.0	 -999              	 ok     	            0	 -999         	 -999.0       	               6.001	             1	          0	             2	              0	           0	                3.0932	     4.8037	 -999      	 -999      	 -999      	 -999      	 -999      	 -999      	 -999      	 -999
      90	 temp   	 a      	 Part1	 near_displaced	 circle    	          2	 1.3               	 varying   	 staircase      	              1	 stair1                  	 Part1|near_displaced|varying|stair1 	 0.7            	 -1.3               	       2.8155	            5.9571	        89	                89	                  0	                 80	 right         	                 5.0	 -999              	 ok     	            0	 -999         	 -999.0       	               6.065	             1	          0	             3	              0	           0	                2.6696	     3.2026	 4.7406    	 -999      	 -999      	 -999      	 -999      	 -999      	 -999      	 -999
      91	 temp   	 a      	 Part1	 far_displaced 	 circle    	          2	 1.3               	 varying   	 staircase      	              1	 stair1                  	 Part1|far_displaced|varying|stair1  	 0.7            	 -1.3               	       2.4618	            5.6033	        89	                89	                  0	                 89	 left          	                10.0	 -999              	 ok     	            0	 -999         	 -999.0       	               6.25 	             1	          0	             3	              1	           1	                1.7414	     2.8694	 3.6436    	 -999      	 -999      	 -999      	 -999      	 -999      	 -999      	 -999
      92	 temp   	 a      	 Part1	 far_displaced 	 circle    	          2	 2.1               	 standard  	 staircase      	              2	 stair2                  	 Part1|far_displaced|standard|stair2 	 1.5            	 -2.1               	       6.2734	            3.1318	        89	                89	                  0	                 82	 right         	                10.0	 -999              	 ok     	            0	 -999         	 -999.0       	               6.117	             1	          0	             2	              0	           0	                2.6785	     4.1519	 -999      	 -999      	 -999      	 -999      	 -999      	 -999      	 -999      	 -999
      93	 temp   	 a      	 Part1	 near_displaced	 circle    	          2	 2.1               	 standard  	 staircase      	              2	 stair2                  	 Part1|near_displaced|standard|stair2	 1.5            	 -2.1               	       1.8002	            4.9418	        89	                89	                  0	                 94	 right         	                 5.0	 -999              	 ok     	            0	 -999         	 -999.0       	               6.331	             1	          0	             3	              3	           2	                1.8256	     2.5724	 3.7826    	 -999      	 -999      	 -999      	 -999      	 -999      	 -999      	 -999
      94	 temp   	 a      	 Part1	 near_displaced	 circle    	          2	 2.1               	 varying   	 staircase      	              2	 stair2                  	 Part1|near_displaced|varying|stair2 	 1.5            	 -2.1               	       5.9119	            2.7703	        89	                89	                  0	                 89	 left          	                 5.0	 -999              	 ok     	            0	 -999         	 -999.0       	               6.25 	             1	          0	             2	              0	           0	                2.9339	     3.6514	 -999      	 -999      	 -999      	 -999      	 -999      	 -999      	 -999      	 -999
      95	 temp   	 a      	 Part1	 far_displaced 	 circle    	          2	 2.1               	 varying   	 staircase      	              2	 stair2                  	 Part1|far_displaced|varying|stair2  	 1.5            	 -2.1               	       1.835 	            4.9766	        89	                89	                  0	                 65	 right         	                10.0	 -999              	 ok     	            0	 -999         	 -999.0       	               5.95 	             1	          0	             2	              0	           0	                2.2434	     3.7813	 -999      	 -999      	 -999      	 -999      	 -999      	 -999      	 -999      	 -999
      96	 temp   	 a      	 Part1	 centred       	 circle    	          2	 2.1               	 standard  	 staircase      	              2	 stair2                  	 Part1|centred|standard|stair2       	 1.5            	 -2.1               	       2.8107	            5.9523	        89	                89	                  0	                 82	 center        	                 0.0	 -999              	 ok     	            0	 -999         	 -999.0       	               6.283	             1	          0	             2	              1	           1	                2.9672	     3.8128	 -999      	 -999      	 -999      	 -999      	 -999      	 -999      	 -999      	 -999
      97	 temp   	 a      	 Part1	 far_displaced 	 circle    	          2	 0.2               	 varying   	 attention_check	              0	 n/a                     	 -999                                	 -999           	 -999               	       2.5471	            5.6887	        89	                89	                  0	                 64	 left          	                10.0	 -999              	 ok     	            0	 -999         	 -999.0       	               5.999	             1	          0	             2	              2	           1	                2.6597	     3.5386	 -999      	 -999      	 -999      	 -999      	 -999      	 -999      	 -999      	 -999
      98	 temp   	 a      	 Part1	 far_displaced 	 circle    	          2	 1.3               	 standard  	 staircase      	              1	 stair1                  	 Part1|far_displaced|standard|stair1 	 0.7            	 -1.3               	       6.2351	            3.0936	        89	                89	                  0	                 68	 left          	                10.0	 -999              	 ok     	            0	 -999         	 -999.0       	               6.016	             1	          0	             2	              2	           0	                2.9251	     4.1987	 -999      	 -999      	 -999      	 -999      	 -999      	 -999      	 -999      	 -999
      99	 temp   	 a      	 Part1	 centred       	 circle    	          2	 1.3               	 standard  	 staircase      	              1	 stair1                  	 Part1|centred|standard|stair1       	 0.7            	 -1.3               	       0.6248	            3.7663	        89	                89	                  0	                 90	 center        	                 0.0	 -999              	 ok     	            0	 -999         	 -999.0       	               6.333	             1	          0	             4	              2	           2	                1.9162	     2.5796	 3.2281    	 3.8147    	 -999      	 -999      	 -999      	 -999      	 -999      	 -999
     100	 temp   	 a      	 Part1	 far_displaced 	 circle    	          2	 1.3               	 varying   	 staircase      	              1	 stair1                  	 Part1|far_displaced|varying|stair1  	 0.7            	 -1.3               	       0.7078	            3.8494	        89	                89	                  0	                 62	 right         	                10.0	 -999              	 ok     	            0	 -999         	 -999.0       	               5.966	             1	          0	             3	              0	           0	                1.7769	     3.0152	 4.4802    	 -999      	 -999      	 -999      	 -999      	 -999      	 -999      	 -999
     101	 temp   	 a      	 Part1	 near_displaced	 circle    	          2	 1.3               	 standard  	 staircase      	              1	 stair1                  	 Part1|near_displaced|standard|stair1	 0.7            	 -1.3               	       2.6236	            5.7652	        89	                89	                  0	                 87	 left          	                 5.0	 -999              	 ok     	            0	 -999         	 -999.0       	               6.3  	             1	          0	             2	              0	           0	                2.69  	     3.6375	 -999      	 -999      	 -999      	 -999      	 -999      	 -999      	 -999      	 -999
     102	 temp   	 a      	 Part1	 near_displaced	 circle    	          2	 1.3               	 varying   	 staircase      	              1	 stair1                  	 Part1|near_displaced|varying|stair1 	 0.7            	 -1.3               	       6.0662	            2.9246	        89	                89	                  0	                 84	 right         	                 5.0	 -999              	 ok     	            0	 -999         	 -999.0       	               6.35 	             1	          0	             2	              2	           1	                1.8866	     3.8515	 -999      	 -999      	 -999      	 -999      	 -999      	 -999      	 -999      	 -999
     103	 temp   	 a      	 Part1	 near_displaced	 circle    	          2	 2.1               	 standard  	 staircase      	              2	 stair2                  	 Part1|near_displaced|standard|stair2	 1.5            	 -2.1               	       1.3348	            4.4764	        89	                89	                  0	                 62	 right         	                 5.0	 -999              	 ok     	            0	 -999         	 -999.0       	               6.05 	             1	          0	             2	              0	           0	                2.4475	     4.2998	 -999      	 -999      	 -999      	 -999      	 -999      	 -999      	 -999      	 -999
     104	 temp   	 a      	 Part1	 centred       	 circle    	          2	 2.1               	 standard  	 staircase      	              2	 stair2                  	 Part1|centred|standard|stair2       	 1.5            	 -2.1               	       5.9736	            2.832 	        89	                89	                  0	                 83	 center        	                 0.0	 -999              	 ok     	            0	 -999         	 -999.0       	               6.25 	             1	          0	             2	              1	           1	                2.1459	     3.999 	 -999      	 -999      	 -999      	 -999      	 -999      	 -999      	 -999      	 -999
     105	 temp   	 a      	 Part1	 near_displaced	 circle    	          2	 2.1               	 varying   	 staircase      	              2	 stair2                  	 Part1|near_displaced|varying|stair2 	 1.5            	 -2.1               	       2.9873	            6.1289	        89	                89	                  0	                 94	 left          	                 5.0	 -999              	 ok     	            0	 -999         	 -999.0       	               6.433	             1	          0	             2	              1	           0	                2.4708	     4.07  	 -999      	 -999      	 -999      	 -999      	 -999      	 -999      	 -999      	 -999
     106	 temp   	 a      	 Part1	 far_displaced 	 circle    	          2	 2.1               	 standard  	 staircase      	              2	 stair2                  	 Part1|far_displaced|standard|stair2 	 1.5            	 -2.1               	       1.7514	            4.893 	        89	                89	                  0	                 77	 left          	                10.0	 -999              	 ok     	            0	 -999         	 -999.0       	               6.231	             1	          0	             2	              2	           0	                1.7988	     3.594 	 -999      	 -999      	 -999      	 -999      	 -999      	 -999      	 -999      	 -999
     107	 temp   	 a      	 Part1	 far_displaced 	 circle    	          2	 2.1               	 varying   	 staircase      	              2	 stair2                  	 Part1|far_displaced|varying|stair2  	 1.5            	 -2.1               	       0.7694	            3.911 	        89	                89	                  0	                 79	 right         	                10.0	 -999              	 ok     	            0	 -999         	 -999.0       	               6.216	             1	          0	             2	              1	           1	                2.2746	     4.0089	 -999      	 -999      	 -999      	 -999      	 -999      	 -999      	 -999      	 -999
     108	 temp   	 a      	 Part1	 centred       	 circle    	          2	 0.2               	 standard  	 attention_check	              0	 n/a                     	 -999                                	 -999           	 -999               	       4.0403	            0.8987	        89	                89	                  0	                 82	 center        	                 0.0	 -999              	 ok     	            0	 -999         	 -999.0       	               6.3  	             1	          0	             2	              1	           1	                3.1473	     5.0735	 -999      	 -999      	 -999      	 -999      	 -999      	 -999      	 -999      	 -999
     109	 temp   	 a      	 Part1	 far_displaced 	 circle    	          2	 1.6               	 varying   	 staircase      	              1	 stair1                  	 Part1|far_displaced|varying|stair1  	 0.7            	 -1.6               	       1.1843	            4.3259	        89	                89	                  0	                 83	 right         	                10.0	 -999              	 ok     	            0	 -999         	 -999.0       	               6.432	             1	          0	             3	              2	           2	                2.0571	     2.6671	 3.5972    	 -999      	 -999      	 -999      	 -999      	 -999      	 -999      	 -999
     110	 temp   	 a      	 Part1	 near_displaced	 circle    	          2	 1.6               	 standard  	 staircase      	              1	 stair1                  	 Part1|near_displaced|standard|stair1	 0.7            	 -1.6               	       3.0201	            6.1617	        89	                89	                  0	                 73	 left          	                 5.0	 -999              	 ok     	            0	 -999         	 -999.0       	               6.16 	             1	          0	             2	              0	           0	                2.8234	     4.4002	 -999      	 -999      	 -999      	 -999      	 -999      	 -999      	 -999      	 -999
     111	 temp   	 a      	 Part1	 near_displaced	 circle    	          2	 1.6               	 varying   	 staircase      	              1	 stair1                  	 Part1|near_displaced|varying|stair1 	 0.7            	 -1.6               	       4.4889	            1.3473	        89	                89	                  0	                 77	 right         	                 5.0	 -999              	 ok     	            0	 -999         	 -999.0       	               6.25 	             1	          0	             3	              0	           0	                1.8318	     3.3178	 4.6036    	 -999      	 -999      	 -999      	 -999      	 -999      	 -999      	 -999
     112	 temp   	 a      	 Part1	 far_displaced 	 circle    	          2	 1.6               	 standard  	 staircase      	              1	 stair1                  	 Part1|far_displaced|standard|stair1 	 0.7            	 -1.6               	       4.9605	            1.8189	        89	                89	                  0	                 91	 left          	                10.0	 -999              	 ok     	            0	 -999         	 -999.0       	               6.45 	             1	          0	             2	              2	           1	                3.1689	     4.2928	 -999      	 -999      	 -999      	 -999      	 -999      	 -999      	 -999      	 -999
     113	 temp   	 a      	 Part1	 centred       	 circle    	          2	 1.6               	 standard  	 staircase      	              1	 stair1                  	 Part1|centred|standard|stair1       	 0.7            	 -1.6               	       3.419 	            0.2774	        89	                89	                  0	                 92	 center        	                 0.0	 -999              	 ok     	            0	 -999         	 -999.0       	               6.515	             1	          0	             2	              6	           4	                3.1736	     3.9166	 -999      	 -999      	 -999      	 -999      	 -999      	 -999      	 -999      	 -999
     114	 temp   	 a      	 Part1	 far_displaced 	 circle    	          2	 2.4               	 standard  	 staircase      	              2	 stair2                  	 Part1|far_displaced|standard|stair2 	 1.5            	 -2.4               	       2.2731	            5.4147	        89	                89	                  0	                 62	 right         	                10.0	 -999              	 ok     	            0	 -999         	 -999.0       	               6.166	             1	          0	             2	              0	           0	                2.9631	     3.5338	 -999      	 -999      	 -999      	 -999      	 -999      	 -999      	 -999      	 -999
     115	 temp   	 a      	 Part1	 near_displaced	 circle    	          2	 2.4               	 varying   	 staircase      	              2	 stair2                  	 Part1|near_displaced|varying|stair2 	 1.5            	 -2.4               	       1.0275	            4.1691	        89	                89	                  0	                 61	 left          	                 5.0	 -999              	 ok     	            0	 -999         	 -999.0       	               6.048	             1	          0	             3	              0	           0	                2.7839	     3.4592	 4.5364    	 -999      	 -999      	 -999      	 -999      	 -999      	 -999      	 -999
     116	 temp   	 a      	 Part1	 near_displaced	 circle    	          2	 2.4               	 standard  	 staircase      	              2	 stair2                  	 Part1|near_displaced|standard|stair2	 1.5            	 -2.4               	       4.6239	            1.4823	        89	                89	                  0	                 82	 left          	                 5.0	 -999              	 ok     	            0	 -999         	 -999.0       	               6.552	             1	          0	             2	              0	           0	                2.7237	     4.1199	 -999      	 -999      	 -999      	 -999      	 -999      	 -999      	 -999      	 -999
     117	 temp   	 a      	 Part1	 far_displaced 	 circle    	          2	 2.4               	 varying   	 staircase      	              2	 stair2                  	 Part1|far_displaced|varying|stair2  	 1.5            	 -2.4               	       3.1295	            6.2711	        89	                89	                  0	                 90	 right         	                10.0	 -999              	 ok     	            0	 -999         	 -999.0       	               6.446	             1	          0	             2	              0	           0	                3.0434	     3.6988	 -999      	 -999      	 -999      	 -999      	 -999      	 -999      	 -999      	 -999
     118	 temp   	 a      	 Part1	 centred       	 circle    	          2	 2.4               	 standard  	 staircase      	              2	 stair2                  	 Part1|centred|standard|stair2       	 1.5            	 -2.4               	       3.1669	            0.0253	        89	                89	                  0	                 77	 center        	                 0.0	 -999              	 ok     	            0	 -999         	 -999.0       	               6.298	             1	          0	             3	              0	           0	                1.9668	     2.6976	 4.3063    	 -999      	 -999      	 -999      	 -999      	 -999      	 -999      	 -999
     119	 temp   	 a      	 Part1	 near_displaced	 circle    	          2	 0.2               	 standard  	 attention_check	              0	 n/a                     	 -999                                	 -999           	 -999               	       1.9153	            5.0569	        89	                89	                  0	                 91	 left          	                 5.0	 -999              	 ok     	            0	 -999         	 -999.0       	               6.516	             1	          0	             2	              1	           1	                2.189 	     3.4856	 -999      	 -999      	 -999      	 -999      	 -999      	 -999      	 -999      	 -999
     120	 temp   	 a      	 Part1	 far_displaced 	 circle    	          2	 1.6               	 standard  	 staircase      	              1	 stair1                  	 Part1|far_displaced|standard|stair1 	 0.7            	 -1.6               	       0.9803	            4.1218	        89	                89	                  0	                 79	 right         	                10.0	 -999              	 ok     	            0	 -999         	 -999.0       	               6.365	             1	          0	             2	              1	           0	                3.1576	     5.1384	 -999      	 -999      	 -999      	 -999      	 -999      	 -999      	 -999      	 -999
     121	 temp   	 a      	 Part1	 centred       	 circle    	          2	 1.6               	 standard  	 staircase      	              1	 stair1                  	 Part1|centred|standard|stair1       	 0.7            	 -1.6               	       2.4932	            5.6348	        89	                89	                  0	                 68	 center        	                 0.0	 -999              	 ok     	            0	 -999         	 -999.0       	               6.233	             1	          0	             2	              2	           2	                2.9108	     4.4232	 -999      	 -999      	 -999      	 -999      	 -999      	 -999      	 -999      	 -999
     122	 temp   	 a      	 Part1	 near_displaced	 circle    	          2	 1.6               	 standard  	 staircase      	              1	 stair1                  	 Part1|near_displaced|standard|stair1	 0.7            	 -1.6               	       0.4147	            3.5563	        89	                89	                  0	                 95	 right         	                 5.0	 -999              	 ok     	            0	 -999         	 -999.0       	               6.666	             1	          0	             2	              0	           0	                3.0674	     4.3744	 -999      	 -999      	 -999      	 -999      	 -999      	 -999      	 -999      	 -999
     123	 temp   	 a      	 Part1	 far_displaced 	 circle    	          2	 1.6               	 varying   	 staircase      	              1	 stair1                  	 Part1|far_displaced|varying|stair1  	 0.7            	 -1.6               	       3.5789	            0.4373	        89	                89	                  0	                 82	 left          	                10.0	 -999              	 ok     	            0	 -999         	 -999.0       	               6.416	             1	          0	             3	              2	           2	                2.0633	     3.3908	 4.6143    	 -999      	 -999      	 -999      	 -999      	 -999      	 -999      	 -999
     124	 temp   	 a      	 Part1	 near_displaced	 circle    	          2	 1.6               	 varying   	 staircase      	              1	 stair1                  	 Part1|near_displaced|varying|stair1 	 0.7            	 -1.6               	       2.3417	            5.4833	        89	                89	                  0	                 78	 right         	                 5.0	 -999              	 ok     	            0	 -999         	 -999.0       	               6.415	             1	          0	             2	              2	           0	                2.6552	     4.0425	 -999      	 -999      	 -999      	 -999      	 -999      	 -999      	 -999      	 -999
     125	 temp   	 a      	 Part1	 far_displaced 	 circle    	          2	 2.4               	 standard  	 staircase      	              2	 stair2                  	 Part1|far_displaced|standard|stair2 	 1.5            	 -2.4               	       0.0018	            3.1434	        89	                89	                  0	                 80	 left          	                10.0	 -999              	 ok     	            0	 -999         	 -999.0       	               6.498	             1	          0	             3	              2	           0	                2.0492	     3.2772	 4.4699    	 -999      	 -999      	 -999      	 -999      	 -999      	 -999      	 -999
     126	 temp   	 a      	 Part1	 far_displaced 	 circle    	          2	 2.4               	 varying   	 staircase      	              2	 stair2                  	 Part1|far_displaced|varying|stair2  	 1.5            	 -2.4               	       2.3439	            5.4855	        89	                89	                  0	                 61	 right         	                10.0	 -999              	 ok     	            0	 -999         	 -999.0       	               6.182	             1	          0	             2	              0	           0	                2.041 	     3.5763	 -999      	 -999      	 -999      	 -999      	 -999      	 -999      	 -999      	 -999
     127	 temp   	 a      	 Part1	 centred       	 circle    	          2	 2.4               	 standard  	 staircase      	              2	 stair2                  	 Part1|centred|standard|stair2       	 1.5            	 -2.4               	       0.2493	            3.3909	        89	                89	                  0	                 73	 center        	                 0.0	 -999              	 ok     	            0	 -999         	 -999.0       	               6.333	             1	          0	             2	              0	           0	                2.8112	     3.8168	 -999      	 -999      	 -999      	 -999      	 -999      	 -999      	 -999      	 -999
     128	 temp   	 a      	 Part1	 near_displaced	 circle    	          2	 2.4               	 standard  	 staircase      	              2	 stair2                  	 Part1|near_displaced|standard|stair2	 1.5            	 -2.4               	       2.2567	            5.3983	        89	                89	                  0	                 93	 left          	                 5.0	 -999              	 ok     	            0	 -999         	 -999.0       	               6.732	             1	          0	             3	              0	           0	                1.7256	     3.3127	 3.9737    	 -999      	 -999      	 -999      	 -999      	 -999      	 -999      	 -999
     129	 temp   	 a      	 Part1	 near_displaced	 circle    	          2	 2.4               	 varying   	 staircase      	              2	 stair2                  	 Part1|near_displaced|varying|stair2 	 1.5            	 -2.4               	       0.0668	            3.2084	        89	                89	                  0	                 71	 right         	                 5.0	 -999              	 ok     	            0	 -999         	 -999.0       	               6.364	             1	          0	             2	              0	           0	                2.9722	     3.5353	 -999      	 -999      	 -999      	 -999      	 -999      	 -999      	 -999      	 -999
     130	 temp   	 a      	 Part1	 near_displaced	 circle    	          2	 0.2               	 varying   	 attention_check	              0	 n/a                     	 -999                                	 -999           	 -999               	       2.0781	            5.2197	        89	                89	                  0	                 67	 left          	                 5.0	 -999              	 ok     	            0	 -999         	 -999.0       	               6.3  	             1	          0	             4	              2	           2	                1.9492	     2.452 	 3.019     	 3.9699    	 -999      	 -999      	 -999      	 -999      	 -999      	 -999
     131	 temp   	 a      	 Part1	 far_displaced 	 circle    	          2	 1.6               	 standard  	 staircase      	              1	 stair1                  	 Part1|far_displaced|standard|stair1 	 0.7            	 -1.6               	       3.1238	            6.2654	        89	                89	                  0	                 82	 left          	                10.0	 -999              	 ok     	            0	 -999         	 -999.0       	               6.533	             1	          0	             3	              2	           1	                1.815 	     2.6818	 4.5979    	 -999      	 -999      	 -999      	 -999      	 -999      	 -999      	 -999
     132	 temp   	 a      	 Part1	 near_displaced	 circle    	          2	 1.6               	 varying   	 staircase      	              1	 stair1                  	 Part1|near_displaced|varying|stair1 	 0.7            	 -1.6               	       3.9264	            0.7848	        89	                89	                  0	                 79	 right         	                 5.0	 -999              	 ok     	            0	 -999         	 -999.0       	               6.466	             1	          0	             2	              0	           0	                2.388 	     4.0115	 -999      	 -999      	 -999      	 -999      	 -999      	 -999      	 -999      	 -999
     133	 temp   	 a      	 Part1	 near_displaced	 circle    	          2	 1.6               	 standard  	 staircase      	              1	 stair1                  	 Part1|near_displaced|standard|stair1	 0.7            	 -1.6               	       0.5764	            3.718 	        89	                89	                  0	                 60	 right         	                 5.0	 -999              	 ok     	            0	 -999         	 -999.0       	               6.283	             1	          0	             3	              2	           2	                2.1408	     3.1926	 4.0539    	 -999      	 -999      	 -999      	 -999      	 -999      	 -999      	 -999
     134	 temp   	 a      	 Part1	 centred       	 circle    	          2	 1.6               	 standard  	 staircase      	              1	 stair1                  	 Part1|centred|standard|stair1       	 0.7            	 -1.6               	       0.817 	            3.9586	        89	                89	                  0	                 60	 center        	                 0.0	 -999              	 ok     	            0	 -999         	 -999.0       	               6.382	             1	          0	             3	              0	           0	                2.2235	     3.2217	 4.0004    	 -999      	 -999      	 -999      	 -999      	 -999      	 -999      	 -999
     135	 temp   	 a      	 Part1	 far_displaced 	 circle    	          2	 1.6               	 varying   	 staircase      	              1	 stair1                  	 Part1|far_displaced|varying|stair1  	 0.7            	 -1.6               	       0.7248	            3.8664	        89	                89	                  0	                 74	 left          	                10.0	 -999              	 ok     	            0	 -999         	 -999.0       	               6.416	             1	          0	             3	              0	           0	                1.9327	     3.4398	 5.269     	 -999      	 -999      	 -999      	 -999      	 -999      	 -999      	 -999
     136	 temp   	 a      	 Part1	 near_displaced	 circle    	          2	 2.4               	 varying   	 staircase      	              2	 stair2                  	 Part1|near_displaced|varying|stair2 	 1.5            	 -2.4               	       4.58  	            1.4384	        89	                89	                  0	                 81	 left          	                 5.0	 -999              	 ok     	            0	 -999         	 -999.0       	               6.549	             1	          0	             2	              0	           0	                3.1483	     3.6674	 -999      	 -999      	 -999      	 -999      	 -999      	 -999      	 -999      	 -999
     137	 temp   	 a      	 Part1	 near_displaced	 circle    	          2	 2.4               	 standard  	 staircase      	              2	 stair2                  	 Part1|near_displaced|standard|stair2	 1.5            	 -2.4               	       3.7014	            0.5598	        89	                89	                  0	                 90	 right         	                 5.0	 -999              	 ok     	            0	 -999         	 -999.0       	               6.649	             1	          0	             2	              0	           0	                2.9164	     4.7105	 -999      	 -999      	 -999      	 -999      	 -999      	 -999      	 -999      	 -999
     138	 temp   	 a      	 Part1	 far_displaced 	 circle    	          2	 2.4               	 varying   	 staircase      	              2	 stair2                  	 Part1|far_displaced|varying|stair2  	 1.5            	 -2.4               	       1.484 	            4.6256	        89	                89	                  0	                 74	 right         	                10.0	 -999              	 ok     	            0	 -999         	 -999.0       	               6.465	             1	          0	             2	              0	           0	                2.8829	     4.6248	 -999      	 -999      	 -999      	 -999      	 -999      	 -999      	 -999      	 -999
     139	 temp   	 a      	 Part1	 centred       	 circle    	          2	 2.4               	 standard  	 staircase      	              2	 stair2                  	 Part1|centred|standard|stair2       	 1.5            	 -2.4               	       3.4202	            0.2786	        89	                89	                  0	                 81	 center        	                 0.0	 -999              	 ok     	            0	 -999         	 -999.0       	               6.683	             1	          0	             3	              0	           0	                2.0895	     2.8974	 4.6928    	 -999      	 -999      	 -999      	 -999      	 -999      	 -999      	 -999
     140	 temp   	 a      	 Part1	 far_displaced 	 circle    	          2	 2.4               	 standard  	 staircase      	              2	 stair2                  	 Part1|far_displaced|standard|stair2 	 1.5            	 -2.4               	       4.0724	            0.9308	        89	                89	                  0	                 77	 left          	                10.0	 -999              	 ok     	            0	 -999         	 -999.0       	               6.516	             1	          0	             2	              0	           0	                2.1417	     3.4976	 -999      	 -999      	 -999      	 -999      	 -999      	 -999      	 -999      	 -999
     141	 temp   	 a      	 Part1	 near_displaced	 circle    	          2	 0.2               	 standard  	 attention_check	              0	 n/a                     	 -999                                	 -999           	 -999               	       5.7005	            2.5589	        89	                89	                  0	                 92	 right         	                 5.0	 -999              	 ok     	            0	 -999         	 -999.0       	               6.717	             1	          0	             2	              0	           0	                2.3731	     3.5615	 -999      	 -999      	 -999      	 -999      	 -999      	 -999      	 -999      	 -999
     142	 temp   	 a      	 Part1	 near_displaced	 circle    	          2	 1.9000000000000001	 varying   	 staircase      	              1	 stair1                  	 Part1|near_displaced|varying|stair1 	 0.7            	 -1.9000000000000001	       3.0998	            6.2414	        89	                89	                  0	                 94	 left          	                 5.0	 -999              	 ok     	            0	 -999         	 -999.0       	               6.816	             1	          0	             2	              4	           4	                2.6284	     3.4974	 -999      	 -999      	 -999      	 -999      	 -999      	 -999      	 -999      	 -999
     143	 temp   	 a      	 Part1	 centred       	 circle    	          2	 1.9000000000000001	 standard  	 staircase      	              1	 stair1                  	 Part1|centred|standard|stair1       	 0.7            	 -1.9000000000000001	       4.165 	            1.0234	        89	                89	                  0	                 70	 center        	                 0.0	 -999              	 ok     	            0	 -999         	 -999.0       	               6.466	             1	          0	             2	              2	           2	                1.9067	     3.6562	 -999      	 -999      	 -999      	 -999      	 -999      	 -999      	 -999      	 -999
     144	 temp   	 a      	 Part1	 near_displaced	 circle    	          2	 1.9000000000000001	 standard  	 staircase      	              1	 stair1                  	 Part1|near_displaced|standard|stair1	 0.7            	 -1.9000000000000001	       2.7837	            5.9253	        89	                89	                  0	                 77	 right         	                 5.0	 -999              	 ok     	            0	 -999         	 -999.0       	               6.566	             1	          0	             3	              0	           0	                2.5182	     3.0377	 4.443     	 -999      	 -999      	 -999      	 -999      	 -999      	 -999      	 -999
     145	 temp   	 a      	 Part1	 far_displaced 	 circle    	          2	 1.9000000000000001	 varying   	 staircase      	              1	 stair1                  	 Part1|far_displaced|varying|stair1  	 0.7            	 -1.9000000000000001	       1.5685	            4.7101	        89	                89	                  0	                 77	 left          	                10.0	 -999              	 ok     	            0	 -999         	 -999.0       	               6.683	             1	          0	             3	              0	           0	                1.8176	     2.9363	 4.0759    	 -999      	 -999      	 -999      	 -999      	 -999      	 -999      	 -999
     146	 temp   	 a      	 Part1	 far_displaced 	 circle    	          2	 1.9000000000000001	 standard  	 staircase      	              1	 stair1                  	 Part1|far_displaced|standard|stair1 	 0.7            	 -1.9000000000000001	       4.6241	            1.4825	        89	                89	                  0	                 95	 right         	                10.0	 -999              	 ok     	            0	 -999         	 -999.0       	               6.85 	             1	          0	             2	              0	           0	                1.8167	     3.5555	 -999      	 -999      	 -999      	 -999      	 -999      	 -999      	 -999      	 -999
     147	 temp   	 a      	 Part1	 far_displaced 	 circle    	          2	 2.5               	 varying   	 staircase      	              2	 stair2                  	 Part1|far_displaced|varying|stair2  	 1.5            	 -2.5               	       3.4615	            0.3199	        89	                89	                  0	                 67	 left          	                10.0	 -999              	 ok     	            0	 -999         	 -999.0       	               6.466	             1	          0	             2	              1	           0	                2.4322	     4.2313	 -999      	 -999      	 -999      	 -999      	 -999      	 -999      	 -999      	 -999
     148	 temp   	 a      	 Part1	 far_displaced 	 circle    	          2	 2.5               	 standard  	 staircase      	              2	 stair2                  	 Part1|far_displaced|standard|stair2 	 1.5            	 -2.5               	       3.2583	            0.1167	        89	                89	                  0	                 62	 left          	                10.0	 -999              	 ok     	            0	 -999         	 -999.0       	               6.4  	             1	          0	             2	              0	           0	                2.524 	     4.0778	 -999      	 -999      	 -999      	 -999      	 -999      	 -999      	 -999      	 -999
     149	 temp   	 a      	 Part1	 near_displaced	 circle    	          2	 2.5               	 varying   	 staircase      	              2	 stair2                  	 Part1|near_displaced|varying|stair2 	 1.5            	 -2.5               	       1.219 	            4.3606	        89	                89	                  0	                 87	 right         	                 5.0	 -999              	 ok     	            0	 -999         	 -999.0       	               6.75 	             1	          0	             2	              1	           1	                2.5695	     4.4011	 -999      	 -999      	 -999      	 -999      	 -999      	 -999      	 -999      	 -999
     150	 temp   	 a      	 Part1	 near_displaced	 circle    	          2	 2.5               	 standard  	 staircase      	              2	 stair2                  	 Part1|near_displaced|standard|stair2	 1.5            	 -2.5               	       2.8933	            6.0349	        89	                89	                  0	                 91	 left          	                 5.0	 -999              	 ok     	            0	 -999         	 -999.0       	               6.9  	             1	          0	             2	              0	           0	                3.1458	     4.7886	 -999      	 -999      	 -999      	 -999      	 -999      	 -999      	 -999      	 -999
     151	 temp   	 a      	 Part1	 centred       	 circle    	          2	 2.5               	 standard  	 staircase      	              2	 stair2                  	 Part1|centred|standard|stair2       	 1.5            	 -2.5               	       0.667 	            3.8085	        89	                89	                  0	                 96	 center        	                 0.0	 -999              	 ok     	            0	 -999         	 -999.0       	               6.899	             1	          0	             2	              0	           0	                3.126 	     4.819 	 -999      	 -999      	 -999      	 -999      	 -999      	 -999      	 -999      	 -999
     152	 temp   	 a      	 Part1	 far_displaced 	 circle    	          2	 0.2               	 standard  	 attention_check	              0	 n/a                     	 -999                                	 -999           	 -999               	       5.2517	            2.1102	        89	                89	                  0	                 73	 right         	                10.0	 -999              	 ok     	            0	 -999         	 -999.0       	               6.616	             1	          0	             3	              3	           3	                2.7471	     3.3555	 3.8839    	 -999      	 -999      	 -999      	 -999      	 -999      	 -999      	 -999
     153	 temp   	 a      	 Part1	 centred       	 circle    	          2	 1.9000000000000001	 standard  	 staircase      	              1	 stair1                  	 Part1|centred|standard|stair1       	 0.7            	 -1.9000000000000001	       0.4115	            3.5531	        89	                89	                  0	                 78	 center        	                 0.0	 -999              	 ok     	            0	 -999         	 -999.0       	               6.7  	             1	          0	             2	              3	           1	                3.0158	     4.8609	 -999      	 -999      	 -999      	 -999      	 -999      	 -999      	 -999      	 -999
     154	 temp   	 a      	 Part1	 near_displaced	 circle    	          2	 1.9000000000000001	 varying   	 staircase      	              1	 stair1                  	 Part1|near_displaced|varying|stair1 	 0.7            	 -1.9000000000000001	       1.9955	            5.1371	        89	                89	                  0	                 70	 right         	                 5.0	 -999              	 ok     	            0	 -999         	 -999.0       	               6.583	             1	          0	             3	              0	           0	                2.3298	     3.1574	 4.7006    	 -999      	 -999      	 -999      	 -999      	 -999      	 -999      	 -999
     155	 temp   	 a      	 Part1	 near_displaced	 circle    	          2	 1.9000000000000001	 standard  	 staircase      	              1	 stair1                  	 Part1|near_displaced|standard|stair1	 0.7            	 -1.9000000000000001	       3.1421	            0.0005	        89	                89	                  0	                 60	 left          	                 5.0	 -999              	 ok     	            0	 -999         	 -999.0       	               6.516	             1	          0	             3	              0	           0	                2.5743	     3.2707	 4.3479    	 -999      	 -999      	 -999      	 -999      	 -999      	 -999      	 -999
     156	 temp   	 a      	 Part1	 far_displaced 	 circle    	          2	 1.9000000000000001	 standard  	 staircase      	              1	 stair1                  	 Part1|far_displaced|standard|stair1 	 0.7            	 -1.9000000000000001	       6.2691	            3.1275	        89	                89	                  0	                 70	 left          	                10.0	 -999              	 ok     	            0	 -999         	 -999.0       	               6.583	             1	          0	             3	              0	           0	                2.4422	     3.1349	 4.1556    	 -999      	 -999      	 -999      	 -999      	 -999      	 -999      	 -999
     157	 temp   	 a      	 Part1	 far_displaced 	 circle    	          2	 1.9000000000000001	 varying   	 staircase      	              1	 stair1                  	 Part1|far_displaced|varying|stair1  	 0.7            	 -1.9000000000000001	       2.3967	            5.5383	        89	                89	                  0	                 81	 right         	                10.0	 -999              	 ok     	            0	 -999         	 -999.0       	               6.749	             1	          0	             2	              0	           0	                2.9415	     4.4151	 -999      	 -999      	 -999      	 -999      	 -999      	 -999      	 -999      	 -999
     158	 temp   	 a      	 Part1	 far_displaced 	 circle    	          2	 2.5               	 varying   	 staircase      	              2	 stair2                  	 Part1|far_displaced|varying|stair2  	 1.5            	 -2.5               	       4.3064	            1.1649	        89	                89	                  0	                 78	 left          	                10.0	 -999              	 ok     	            0	 -999         	 -999.0       	               6.716	             1	          0	             2	              1	           1	                3.1975	     3.9726	 -999      	 -999      	 -999      	 -999      	 -999      	 -999      	 -999      	 -999
     159	 temp   	 a      	 Part1	 near_displaced	 circle    	          2	 2.5               	 standard  	 staircase      	              2	 stair2                  	 Part1|near_displaced|standard|stair2	 1.5            	 -2.5               	       3.3526	            0.211 	        89	                89	                  0	                 70	 right         	                 5.0	 -999              	 ok     	            0	 -999         	 -999.0       	               6.7  	             1	          0	             2	              4	           3	                2.8772	     4.0508	 -999      	 -999      	 -999      	 -999      	 -999      	 -999      	 -999      	 -999
     160	 temp   	 a      	 Part1	 far_displaced 	 circle    	          2	 2.5               	 standard  	 staircase      	              2	 stair2                  	 Part1|far_displaced|standard|stair2 	 1.5            	 -2.5               	       2.4121	            5.5537	        89	                89	                  0	                 87	 right         	                10.0	 -999              	 ok     	            0	 -999         	 -999.0       	               6.999	             1	          0	             2	              2	           2	                2.5642	     4.0027	 -999      	 -999      	 -999      	 -999      	 -999      	 -999      	 -999      	 -999
     161	 temp   	 a      	 Part1	 near_displaced	 circle    	          2	 2.5               	 varying   	 staircase      	              2	 stair2                  	 Part1|near_displaced|varying|stair2 	 1.5            	 -2.5               	       1.7584	            4.9   	        89	                89	                  0	                 68	 left          	                 5.0	 -999              	 ok     	            0	 -999         	 -999.0       	               6.599	             1	          0	             2	              0	           0	                2.7382	     3.813 	 -999      	 -999      	 -999      	 -999      	 -999      	 -999      	 -999      	 -999
     162	 temp   	 a      	 Part1	 centred       	 circle    	          2	 2.5               	 standard  	 staircase      	              2	 stair2                  	 Part1|centred|standard|stair2       	 1.5            	 -2.5               	       5.2426	            2.101 	        89	                89	                  0	                 96	 center        	                 0.0	 -999              	 ok     	            0	 -999         	 -999.0       	               7.0  	             1	          0	             2	              0	           0	                3.0825	     3.6615	 -999      	 -999      	 -999      	 -999      	 -999      	 -999      	 -999      	 -999
     163	 temp   	 a      	 Part1	 far_displaced 	 circle    	          2	 0.2               	 varying   	 attention_check	              0	 n/a                     	 -999                                	 -999           	 -999               	       5.0898	            1.9482	        89	                89	                  0	                 65	 left          	                10.0	 -999              	 ok     	            0	 -999         	 -999.0       	               6.616	             1	          0	             2	              3	           3	                2.8633	     4.0086	 -999      	 -999      	 -999      	 -999      	 -999      	 -999      	 -999      	 -999
     164	 temp   	 a      	 Part1	 far_displaced 	 circle    	          2	 1.9000000000000001	 standard  	 staircase      	              1	 stair1                  	 Part1|far_displaced|standard|stair1 	 0.7            	 -1.9000000000000001	       2.4499	            5.5915	        89	                89	                  0	                 63	 right         	                10.0	 -999              	 ok     	            0	 -999         	 -999.0       	               6.583	             1	          0	             2	              1	           1	                2.0922	     3.7017	 -999      	 -999      	 -999      	 -999      	 -999      	 -999      	 -999      	 -999
     165	 temp   	 a      	 Part1	 near_displaced	 circle    	          2	 1.9000000000000001	 varying   	 staircase      	              1	 stair1                  	 Part1|near_displaced|varying|stair1 	 0.7            	 -1.9000000000000001	       2.6813	            5.8229	        89	                89	                  0	                 96	 right         	                 5.0	 -999              	 ok     	            0	 -999         	 -999.0       	               7.033	             1	          0	             2	              0	           0	                2.1347	     3.6732	 -999      	 -999      	 -999      	 -999      	 -999      	 -999      	 -999      	 -999
     166	 temp   	 a      	 Part1	 far_displaced 	 circle    	          2	 1.9000000000000001	 varying   	 staircase      	              1	 stair1                  	 Part1|far_displaced|varying|stair1  	 0.7            	 -1.9000000000000001	       4.9531	            1.8116	        89	                89	                  0	                 96	 left          	                10.0	 -999              	 ok     	            0	 -999         	 -999.0       	               7.133	             1	          0	             3	              2	           2	                2.256 	     3.0688	 4.3735    	 -999      	 -999      	 -999      	 -999      	 -999      	 -999      	 -999
     167	 temp   	 a      	 Part1	 centred       	 circle    	          2	 1.9000000000000001	 standard  	 staircase      	              1	 stair1                  	 Part1|centred|standard|stair1       	 0.7            	 -1.9000000000000001	       2.6969	            5.8385	        89	                89	                  0	                 79	 center        	                 0.0	 -999              	 ok     	            0	 -999         	 -999.0       	               6.85 	             1	          0	             2	              2	           1	                3.1894	     4.8326	 -999      	 -999      	 -999      	 -999      	 -999      	 -999      	 -999      	 -999
     168	 temp   	 a      	 Part1	 near_displaced	 circle    	          2	 1.9000000000000001	 standard  	 staircase      	              1	 stair1                  	 Part1|near_displaced|standard|stair1	 0.7            	 -1.9000000000000001	       5.0713	            1.9297	        89	                89	                  0	                 75	 left          	                 5.0	 -999              	 ok     	            0	 -999         	 -999.0       	               6.75 	             1	          0	             3	              0	           0	                1.8102	     3.0589	 4.5182    	 -999      	 -999      	 -999      	 -999      	 -999      	 -999      	 -999
     169	 temp   	 a      	 Part1	 near_displaced	 circle    	          2	 2.5               	 varying   	 staircase      	              2	 stair2                  	 Part1|near_displaced|varying|stair2 	 1.5            	 -2.5               	       0.5221	            3.6636	        89	                89	                  0	                 89	 right         	                 5.0	 -999              	 ok     	            0	 -999         	 -999.0       	               7.033	             1	          0	             3	              5	           4	                2.3522	     3.0168	 3.5819    	 -999      	 -999      	 -999      	 -999      	 -999      	 -999      	 -999
     170	 temp   	 a      	 Part1	 near_displaced	 circle    	          2	 2.5               	 standard  	 staircase      	              2	 stair2                  	 Part1|near_displaced|standard|stair2	 1.5            	 -2.5               	       4.7052	            1.5636	        89	                89	                  0	                 93	 right         	                 5.0	 -999              	 ok     	            0	 -999         	 -999.0       	               7.15 	             1	          0	             3	              0	           0	                2.6531	     3.4477	 5.2672    	 -999      	 -999      	 -999      	 -999      	 -999      	 -999      	 -999
     171	 temp   	 a      	 Part1	 far_displaced 	 circle    	          2	 2.5               	 standard  	 staircase      	              2	 stair2                  	 Part1|far_displaced|standard|stair2 	 1.5            	 -2.5               	       1.177 	            4.3186	        89	                89	                  0	                 66	 left          	                10.0	 -999              	 ok     	            0	 -999         	 -999.0       	               6.715	             1	          0	             2	              2	           1	                1.955 	     3.9068	 -999      	 -999      	 -999      	 -999      	 -999      	 -999      	 -999      	 -999
     172	 temp   	 a      	 Part1	 centred       	 circle    	          2	 2.5               	 standard  	 staircase      	              2	 stair2                  	 Part1|centred|standard|stair2       	 1.5            	 -2.5               	       2.0091	            5.1507	        89	                89	                  0	                 66	 center        	                 0.0	 -999              	 ok     	            0	 -999         	 -999.0       	               6.732	             1	          0	             2	              5	           4	                2.4792	     3.9584	 -999      	 -999      	 -999      	 -999      	 -999      	 -999      	 -999      	 -999
     173	 temp   	 a      	 Part1	 far_displaced 	 circle    	          2	 2.5               	 varying   	 staircase      	              2	 stair2                  	 Part1|far_displaced|varying|stair2  	 1.5            	 -2.5               	       4.0582	            0.9166	        89	                89	                  0	                 85	 left          	                10.0	 -999              	 ok     	            0	 -999         	 -999.0       	               6.95 	             1	          0	             2	              0	           0	                2.7817	     4.0919	 -999      	 -999      	 -999      	 -999      	 -999      	 -999      	 -999      	 -999
     174	 temp   	 a      	 Part1	 centred       	 circle    	          2	 0.2               	 standard  	 attention_check	              0	 n/a                     	 -999                                	 -999           	 -999               	       3.8447	            0.7031	        89	                89	                  0	                 86	 center        	                 0.0	 -999              	 ok     	            0	 -999         	 -999.0       	               7.016	             1	          0	             2	              2	           2	                2.9963	     4.0198	 -999      	 -999      	 -999      	 -999      	 -999      	 -999      	 -999      	 -999
     175	 temp   	 a      	 Part1	 near_displaced	 circle    	          2	 2.2               	 standard  	 staircase      	              1	 stair1                  	 Part1|near_displaced|standard|stair1	 0.7            	 -2.2               	       3.0613	            6.2029	        89	                89	                  0	                 82	 right         	                 5.0	 -999              	 ok     	            0	 -999         	 -999.0       	               7.05 	             1	          0	             2	              2	           1	                2.571 	     4.0466	 -999      	 -999      	 -999      	 -999      	 -999      	 -999      	 -999      	 -999
     176	 temp   	 a      	 Part1	 far_displaced 	 circle    	          2	 2.2               	 varying   	 staircase      	              1	 stair1                  	 Part1|far_displaced|varying|stair1  	 0.7            	 -2.2               	       3.7447	            0.6031	        89	                89	                  0	                 84	 left          	                10.0	 -999              	 ok     	            0	 -999         	 -999.0       	               6.949	             1	          0	             2	              0	           0	                2.6172	     3.8723	 -999      	 -999      	 -999      	 -999      	 -999      	 -999      	 -999      	 -999
     177	 temp   	 a      	 Part1	 far_displaced 	 circle    	          2	 2.2               	 standard  	 staircase      	              1	 stair1                  	 Part1|far_displaced|standard|stair1 	 0.7            	 -2.2               	       0.0394	            3.181 	        89	                89	                  0	                 82	 right         	                10.0	 -999              	 ok     	            0	 -999         	 -999.0       	               7.05 	             1	          0	             3	              4	           3	                2.117 	     2.8194	 3.5716    	 -999      	 -999      	 -999      	 -999      	 -999      	 -999      	 -999
     178	 temp   	 a      	 Part1	 centred       	 circle    	          2	 2.2               	 standard  	 staircase      	              1	 stair1                  	 Part1|centred|standard|stair1       	 0.7            	 -2.2               	       3.5576	            0.416 	        89	                89	                  0	                 71	 center        	                 0.0	 -999              	 ok     	            0	 -999         	 -999.0       	               6.865	             1	          0	             3	              0	           0	                1.9268	     3.4042	 4.4242    	 -999      	 -999      	 -999      	 -999      	 -999      	 -999      	 -999
     179	 temp   	 a      	 Part1	 near_displaced	 circle    	          2	 2.2               	 varying   	 staircase      	              1	 stair1                  	 Part1|near_displaced|varying|stair1 	 0.7            	 -2.2               	       6.0108	            2.8692	        89	                89	                  0	                 67	 left          	                 5.0	 -999              	 ok     	            0	 -999         	 -999.0       	               6.783	             1	          0	             2	              1	           1	                3.022 	     3.8167	 -999      	 -999      	 -999      	 -999      	 -999      	 -999      	 -999      	 -999
     180	 temp   	 a      	 Part1	 far_displaced 	 circle    	          2	 2.5               	 varying   	 staircase      	              2	 stair2                  	 Part1|far_displaced|varying|stair2  	 1.5            	 -2.5               	       6.2493	            3.1077	        89	                89	                  0	                 71	 right         	                10.0	 -999              	 ok     	            0	 -999         	 -999.0       	               6.967	             1	          0	             3	              1	           0	                1.7169	     2.6777	 4.5312    	 -999      	 -999      	 -999      	 -999      	 -999      	 -999      	 -999
     181	 temp   	 a      	 Part1	 far_displaced 	 circle    	          2	 2.5               	 standard  	 staircase      	              2	 stair2                  	 Part1|far_displaced|standard|stair2 	 1.5            	 -2.5               	       4.5128	            1.3712	        89	                89	                  0	                 90	 left          	                10.0	 -999              	 ok     	            0	 -999         	 -999.0       	               7.083	             1	          0	             3	              0	           0	                2.4633	     3.3938	 4.9182    	 -999      	 -999      	 -999      	 -999      	 -999      	 -999      	 -999
     182	 temp   	 a      	 Part1	 near_displaced	 circle    	          2	 2.5               	 standard  	 staircase      	              2	 stair2                  	 Part1|near_displaced|standard|stair2	 1.5            	 -2.5               	       2.1093	            5.2509	        89	                89	                  0	                 95	 right         	                 5.0	 -999              	 ok     	            0	 -999         	 -999.0       	               7.216	             1	          0	             2	              2	           1	                2.0768	     4.0238	 -999      	 -999      	 -999      	 -999      	 -999      	 -999      	 -999      	 -999
     183	 temp   	 a      	 Part1	 near_displaced	 circle    	          2	 2.5               	 varying   	 staircase      	              2	 stair2                  	 Part1|near_displaced|varying|stair2 	 1.5            	 -2.5               	       2.2686	            5.4102	        89	                89	                  0	                 70	 right         	                 5.0	 -999              	 ok     	            0	 -999         	 -999.0       	               6.85 	             1	          0	             3	              0	           0	                1.933 	     3.1315	 4.0951    	 -999      	 -999      	 -999      	 -999      	 -999      	 -999      	 -999
     184	 temp   	 a      	 Part1	 centred       	 circle    	          2	 2.5               	 standard  	 staircase      	              2	 stair2                  	 Part1|centred|standard|stair2       	 1.5            	 -2.5               	       1.9622	            5.1038	        89	                89	                  0	                 82	 center        	                 0.0	 -999              	 ok     	            0	 -999         	 -999.0       	               7.033	             1	          0	             2	              1	           1	                2.443 	     4.0808	 -999      	 -999      	 -999      	 -999      	 -999      	 -999      	 -999      	 -999
     185	 temp   	 a      	 Part1	 far_displaced 	 circle    	          2	 0.2               	 standard  	 attention_check	              0	 n/a                     	 -999                                	 -999           	 -999               	       2.6681	            5.8097	        89	                89	                  0	                 83	 left          	                10.0	 -999              	 ok     	            0	 -999         	 -999.0       	               7.1  	             1	          0	             3	              3	           2	                2.0749	     2.6982	 4.4106    	 -999      	 -999      	 -999      	 -999      	 -999      	 -999      	 -999
     186	 temp   	 a      	 Part1	 far_displaced 	 circle    	          2	 2.2               	 standard  	 staircase      	              1	 stair1                  	 Part1|far_displaced|standard|stair1 	 0.7            	 -2.2               	       6.1485	            3.0069	        89	                89	                  0	                 78	 left          	                10.0	 -999              	 ok     	            0	 -999         	 -999.0       	               7.017	             1	          0	             3	              1	           1	                2.2767	     2.8659	 3.494     	 -999      	 -999      	 -999      	 -999      	 -999      	 -999      	 -999
     187	 temp   	 a      	 Part1	 centred       	 circle    	          2	 2.2               	 standard  	 staircase      	              1	 stair1                  	 Part1|centred|standard|stair1       	 0.7            	 -2.2               	       3.0376	            6.1792	        89	                89	                  0	                 63	 center        	                 0.0	 -999              	 ok     	            0	 -999         	 -999.0       	               6.882	             1	          0	             2	              2	           2	                1.7875	     3.4986	 -999      	 -999      	 -999      	 -999      	 -999      	 -999      	 -999      	 -999
     188	 temp   	 a      	 Part1	 near_displaced	 circle    	          2	 2.2               	 varying   	 staircase      	              1	 stair1                  	 Part1|near_displaced|varying|stair1 	 0.7            	 -2.2               	       2.6744	            5.816 	        89	                89	                  0	                 66	 right         	                 5.0	 -999              	 ok     	            0	 -999         	 -999.0       	               6.847	             1	          0	             2	              0	           0	                2.262 	     4.133 	 -999      	 -999      	 -999      	 -999      	 -999      	 -999      	 -999      	 -999
     189	 temp   	 a      	 Part1	 far_displaced 	 circle    	          2	 2.2               	 varying   	 staircase      	              1	 stair1                  	 Part1|far_displaced|varying|stair1  	 0.7            	 -2.2               	       5.2367	            2.0951	        89	                89	                  0	                 67	 right         	                10.0	 -999              	 ok     	            0	 -999         	 -999.0       	               7.0  	             1	          0	             2	              1	           1	                1.8788	     3.5973	 -999      	 -999      	 -999      	 -999      	 -999      	 -999      	 -999      	 -999
     190	 temp   	 a      	 Part1	 near_displaced	 circle    	          2	 2.2               	 standard  	 staircase      	              1	 stair1                  	 Part1|near_displaced|standard|stair1	 0.7            	 -2.2               	       2.7272	            5.8687	        89	                89	                  0	                 83	 left          	                 5.0	 -999              	 ok     	            0	 -999         	 -999.0       	               7.6  	             1	          0	             3	              2	           1	                1.9563	     3.1697	 3.9479    	 -999      	 -999      	 -999      	 -999      	 -999      	 -999      	 -999
     191	 temp   	 a      	 Part1	 far_displaced 	 circle    	          2	 2.5               	 varying   	 staircase      	              2	 stair2                  	 Part1|far_displaced|varying|stair2  	 1.5            	 -2.5               	       1.2395	            4.3811	        89	                89	                  0	                 90	 right         	                10.0	 -999              	 ok     	            0	 -999         	 -999.0       	               7.231	             1	          0	             3	              4	           3	                1.8443	     2.8475	 3.7225    	 -999      	 -999      	 -999      	 -999      	 -999      	 -999      	 -999
     192	 temp   	 a      	 Part1	 centred       	 circle    	          2	 2.5               	 standard  	 staircase      	              2	 stair2                  	 Part1|centred|standard|stair2       	 1.5            	 -2.5               	       1.657 	            4.7986	        89	                89	                  0	                 87	 center        	                 0.0	 -999              	 ok     	            0	 -999         	 -999.0       	               7.182	             1	          0	             2	              2	           1	                2.792 	     4.3954	 -999      	 -999      	 -999      	 -999      	 -999      	 -999      	 -999      	 -999
     193	 temp   	 a      	 Part1	 far_displaced 	 circle    	          2	 2.5               	 standard  	 staircase      	              2	 stair2                  	 Part1|far_displaced|standard|stair2 	 1.5            	 -2.5               	       0.0479	            3.1895	        89	                89	                  0	                 88	 left          	                10.0	 -999              	 ok     	            0	 -999         	 -999.0       	               7.216	             1	          0	             2	              1	           1	                2.5146	     4.1685	 -999      	 -999      	 -999      	 -999      	 -999      	 -999      	 -999      	 -999
     194	 temp   	 a      	 Part1	 near_displaced	 circle    	          2	 2.5               	 standard  	 staircase      	              2	 stair2                  	 Part1|near_displaced|standard|stair2	 1.5            	 -2.5               	       5.6209	            2.4793	        89	                89	                  0	                 88	 left          	                 5.0	 -999              	 ok     	            0	 -999         	 -999.0       	               7.4  	             1	          0	             3	              2	           2	                2.8284	     3.3664	 4.1834    	 -999      	 -999      	 -999      	 -999      	 -999      	 -999      	 -999
     195	 temp   	 a      	 Part1	 near_displaced	 circle    	          2	 2.5               	 varying   	 staircase      	              2	 stair2                  	 Part1|near_displaced|varying|stair2 	 1.5            	 -2.5               	       0.9774	            4.119 	        89	                89	                  0	                 87	 right         	                 5.0	 -999              	 ok     	            0	 -999         	 -999.0       	               7.234	             1	          0	             2	              0	           0	                2.1995	     3.9117	 -999      	 -999      	 -999      	 -999      	 -999      	 -999      	 -999      	 -999
     196	 temp   	 a      	 Part1	 centred       	 circle    	          2	 0.2               	 standard  	 attention_check	              0	 n/a                     	 -999                                	 -999           	 -999               	       0.0919	            3.2335	        89	                89	                  0	                 81	 center        	                 0.0	 -999              	 ok     	            0	 -999         	 -999.0       	               7.163	             1	          0	             3	              1	           1	                1.8042	     2.5474	 3.8653    	 -999      	 -999      	 -999      	 -999      	 -999      	 -999      	 -999
     197	 temp   	 a      	 Part1	 centred       	 circle    	          2	 2.2               	 standard  	 staircase      	              1	 stair1                  	 Part1|centred|standard|stair1       	 0.7            	 -2.2               	       4.6391	            1.4975	        89	                89	                  0	                 97	 center        	                 0.0	 -999              	 ok     	            0	 -999         	 -999.0       	               7.381	             1	          0	             2	              1	           1	                2.9971	     4.6785	 -999      	 -999      	 -999      	 -999      	 -999      	 -999      	 -999      	 -999
     198	 temp   	 a      	 Part1	 far_displaced 	 circle    	          2	 2.2               	 varying   	 staircase      	              1	 stair1                  	 Part1|far_displaced|varying|stair1  	 0.7            	 -2.2               	       1.0895	            4.2311	        89	                89	                  0	                 76	 left          	                10.0	 -999              	 ok     	            0	 -999         	 -999.0       	               7.165	             1	          0	             4	              0	           0	                1.7026	     2.5505	 3.2248    	 4.5724    	 -999      	 -999      	 -999      	 -999      	 -999      	 -999
     199	 temp   	 a      	 Part1	 far_displaced 	 circle    	          2	 2.2               	 standard  	 staircase      	              1	 stair1                  	 Part1|far_displaced|standard|stair1 	 0.7            	 -2.2               	       4.459 	            1.3174	        89	                89	                  0	                 70	 right         	                10.0	 -999              	 ok     	            0	 -999         	 -999.0       	               7.015	             1	          0	             2	              2	           1	                3.0649	     4.4281	 -999      	 -999      	 -999      	 -999      	 -999      	 -999      	 -999      	 -999
     200	 temp   	 a      	 Part1	 near_displaced	 circle    	          2	 2.2               	 standard  	 staircase      	              1	 stair1                  	 Part1|near_displaced|standard|stair1	 0.7            	 -2.2               	       2.2612	            5.4028	        89	                89	                  0	                 78	 left          	                 5.0	 -999              	 ok     	            0	 -999         	 -999.0       	               7.133	             1	          0	             2	              0	           0	                3.1091	     4.4205	 -999      	 -999      	 -999      	 -999      	 -999      	 -999      	 -999      	 -999
     201	 temp   	 a      	 Part1	 near_displaced	 circle    	          2	 2.2               	 varying   	 staircase      	              1	 stair1                  	 Part1|near_displaced|varying|stair1 	 0.7            	 -2.2               	       1.4582	            4.5998	        89	                89	                  0	                 66	 right         	                 5.0	 -999              	 ok     	            0	 -999         	 -999.0       	               7.016	             1	          0	             2	              2	           2	                1.988 	     3.537 	 -999      	 -999      	 -999      	 -999      	 -999      	 -999      	 -999      	 -999
     202	 temp   	 a      	 Part1	 centred       	 circle    	          2	 2.5               	 standard  	 staircase      	              2	 stair2                  	 Part1|centred|standard|stair2       	 1.5            	 -2.5               	       2.3855	            5.5271	        89	                89	                  0	                 91	 center        	                 0.0	 -999              	 ok     	            0	 -999         	 -999.0       	               7.351	             1	          0	             2	              2	           0	                2.4823	     3.5687	 -999      	 -999      	 -999      	 -999      	 -999      	 -999      	 -999      	 -999
     203	 temp   	 a      	 Part1	 near_displaced	 circle    	          2	 2.5               	 varying   	 staircase      	              2	 stair2                  	 Part1|near_displaced|varying|stair2 	 1.5            	 -2.5               	       5.4913	            2.3497	        89	                89	                  0	                 82	 left          	                 5.0	 -999              	 ok     	            0	 -999         	 -999.0       	               7.315	             1	          0	             3	              0	           0	                2.5835	     3.2123	 5.1085    	 -999      	 -999      	 -999      	 -999      	 -999      	 -999      	 -999
     204	 temp   	 a      	 Part1	 near_displaced	 circle    	          2	 2.5               	 standard  	 staircase      	              2	 stair2                  	 Part1|near_displaced|standard|stair2	 1.5            	 -2.5               	       5.2255	            2.0839	        89	                89	                  0	                 74	 right         	                 5.0	 -999              	 ok     	            0	 -999         	 -999.0       	               7.149	             1	          0	             3	              2	           1	                1.8741	     3.0132	 3.7674    	 -999      	 -999      	 -999      	 -999      	 -999      	 -999      	 -999
     205	 temp   	 a      	 Part1	 far_displaced 	 circle    	          2	 2.5               	 standard  	 staircase      	              2	 stair2                  	 Part1|far_displaced|standard|stair2 	 1.5            	 -2.5               	       4.4033	            1.2617	        89	                89	                  0	                 68	 left          	                10.0	 -999              	 ok     	            0	 -999         	 -999.0       	               7.099	             1	          0	             3	              4	           3	                2.4036	     2.9864	 4.6778    	 -999      	 -999      	 -999      	 -999      	 -999      	 -999      	 -999
     206	 temp   	 a      	 Part1	 far_displaced 	 circle    	          2	 2.5               	 varying   	 staircase      	              2	 stair2                  	 Part1|far_displaced|varying|stair2  	 1.5            	 -2.5               	       3.0423	            6.1839	        89	                89	                  0	                 73	 right         	                10.0	 -999              	 ok     	            0	 -999         	 -999.0       	               7.166	             1	          0	             3	              2	           0	                1.9556	     3.3892	 5.1105    	 -999      	 -999      	 -999      	 -999      	 -999      	 -999      	 -999
     207	 temp   	 a      	 Part1	 centred       	 circle    	          2	 0.2               	 standard  	 attention_check	              0	 n/a                     	 -999                                	 -999           	 -999               	       4.8243	            1.6827	        89	                89	                  0	                 78	 center        	                 0.0	 -999              	 ok     	            0	 -999         	 -999.0       	               7.3  	             1	          0	             3	              1	           1	                2.0607	     2.6487	 4.4725    	 -999      	 -999      	 -999      	 -999      	 -999      	 -999      	 -999
     208	 temp   	 a      	 Part1	 centred       	 circle    	          2	 2.5               	 standard  	 staircase      	              1	 stair1                  	 Part1|centred|standard|stair1       	 0.7            	 -2.5               	       4.6664	            1.5248	        89	                89	                  0	                 81	 center        	                 0.0	 -999              	 ok     	            0	 -999         	 -999.0       	               7.249	             1	          0	             2	              0	           0	                2.2382	     3.9936	 -999      	 -999      	 -999      	 -999      	 -999      	 -999      	 -999      	 -999
     209	 temp   	 a      	 Part1	 far_displaced 	 circle    	          2	 2.5               	 standard  	 staircase      	              1	 stair1                  	 Part1|far_displaced|standard|stair1 	 0.7            	 -2.5               	       4.2019	            1.0603	        89	                89	                  0	                 92	 right         	                10.0	 -999              	 ok     	            0	 -999         	 -999.0       	               7.383	             1	          0	             4	              0	           0	                1.8921	     2.4202	 3.4188    	 5.0113    	 -999      	 -999      	 -999      	 -999      	 -999      	 -999
     210	 temp   	 a      	 Part1	 near_displaced	 circle    	          2	 2.5               	 standard  	 staircase      	              1	 stair1                  	 Part1|near_displaced|standard|stair1	 0.7            	 -2.5               	       4.9089	            1.7673	        89	                89	                  0	                 62	 left          	                 5.0	 -999              	 ok     	            0	 -999         	 -999.0       	               7.041	             1	          0	             2	              1	           0	                2.5611	     4.099 	 -999      	 -999      	 -999      	 -999      	 -999      	 -999      	 -999      	 -999
     211	 temp   	 a      	 Part1	 near_displaced	 circle    	          2	 2.5               	 varying   	 staircase      	              1	 stair1                  	 Part1|near_displaced|varying|stair1 	 0.7            	 -2.5               	       2.7883	            5.9299	        89	                89	                  0	                 62	 right         	                 5.0	 -999              	 ok     	            0	 -999         	 -999.0       	               7.166	             1	          0	             3	              3	           3	                2.0321	     2.8761	 3.8624    	 -999      	 -999      	 -999      	 -999      	 -999      	 -999      	 -999
     212	 temp   	 a      	 Part1	 far_displaced 	 circle    	          2	 2.5               	 varying   	 staircase      	              1	 stair1                  	 Part1|far_displaced|varying|stair1  	 0.7            	 -2.5               	       4.116 	            0.9744	        89	                89	                  0	                 63	 left          	                10.0	 -999              	 ok     	            0	 -999         	 -999.0       	               7.249	             1	          0	             2	              6	           0	                2.9022	     3.9123	 -999      	 -999      	 -999      	 -999      	 -999      	 -999      	 -999      	 -999
     213	 temp   	 a      	 Part1	 far_displaced 	 circle    	          2	 2.5               	 standard  	 staircase      	              2	 stair2                  	 Part1|far_displaced|standard|stair2 	 1.5            	 -2.5               	       1.4957	            4.6373	        89	                89	                  0	                 84	 right         	                10.0	 -999              	 ok     	            0	 -999         	 -999.0       	               7.366	             1	          0	             2	              2	           1	                2.4464	     3.5648	 -999      	 -999      	 -999      	 -999      	 -999      	 -999      	 -999      	 -999
     214	 temp   	 a      	 Part1	 near_displaced	 circle    	          2	 2.5               	 varying   	 staircase      	              2	 stair2                  	 Part1|near_displaced|varying|stair2 	 1.5            	 -2.5               	       3.543 	            0.4015	        89	                89	                  0	                 92	 left          	                 5.0	 -999              	 ok     	            0	 -999         	 -999.0       	               7.432	             1	          0	             2	              1	           1	                2.9026	     4.4087	 -999      	 -999      	 -999      	 -999      	 -999      	 -999      	 -999      	 -999
     215	 temp   	 a      	 Part1	 far_displaced 	 circle    	          2	 2.5               	 varying   	 staircase      	              2	 stair2                  	 Part1|far_displaced|varying|stair2  	 1.5            	 -2.5               	       5.3066	            2.165 	        89	                89	                  0	                 87	 right         	                10.0	 -999              	 ok     	            0	 -999         	 -999.0       	               7.499	             1	          0	             2	              0	           0	                2.9238	     4.3807	 -999      	 -999      	 -999      	 -999      	 -999      	 -999      	 -999      	 -999
     216	 temp   	 a      	 Part1	 centred       	 circle    	          2	 2.5               	 standard  	 staircase      	              2	 stair2                  	 Part1|centred|standard|stair2       	 1.5            	 -2.5               	       5.3433	            2.2017	        89	                89	                  0	                 62	 center        	                 0.0	 -999              	 ok     	            0	 -999         	 -999.0       	               7.082	             1	          0	             2	              1	           1	                3.1375	     4.6078	 -999      	 -999      	 -999      	 -999      	 -999      	 -999      	 -999      	 -999
     217	 temp   	 a      	 Part1	 near_displaced	 circle    	          2	 2.5               	 standard  	 staircase      	              2	 stair2                  	 Part1|near_displaced|standard|stair2	 1.5            	 -2.5               	       2.7398	            5.8813	        89	                89	                  0	                 92	 left          	                 5.0	 -999              	 ok     	            0	 -999         	 -999.0       	               7.5  	             1	          0	             4	              0	           0	                1.8043	     2.7981	 3.4515    	 4.9584    	 -999      	 -999      	 -999      	 -999      	 -999      	 -999
     218	 temp   	 a      	 Part1	 near_displaced	 circle    	          2	 0.2               	 varying   	 attention_check	              0	 n/a                     	 -999                                	 -999           	 -999               	       2.9157	            6.0573	        89	                89	                  0	                 96	 left          	                 5.0	 -999              	 ok     	            0	 -999         	 -999.0       	               7.549	             1	          0	             2	              0	           0	                2.7474	     4.4767	 -999      	 -999      	 -999      	 -999      	 -999      	 -999      	 -999      	 -999
     219	 temp   	 a      	 Part1	 centred       	 circle    	          2	 2.5               	 standard  	 staircase      	              1	 stair1                  	 Part1|centred|standard|stair1       	 0.7            	 -2.5               	       1.5694	            4.711 	        89	                89	                  0	                 84	 center        	                 0.0	 -999              	 ok     	            0	 -999         	 -999.0       	               7.467	             1	          0	             3	              0	           0	                1.889 	     3.1888	 4.3756    	 -999      	 -999      	 -999      	 -999      	 -999      	 -999      	 -999
     220	 temp   	 a      	 Part1	 far_displaced 	 circle    	          2	 2.5               	 standard  	 staircase      	              1	 stair1                  	 Part1|far_displaced|standard|stair1 	 0.7            	 -2.5               	       4.3957	            1.2541	        89	                89	                  0	                 84	 right         	                10.0	 -999              	 ok     	            0	 -999         	 -999.0       	               7.432	             1	          0	             3	              1	           1	                1.909 	     2.4307	 4.3254    	 -999      	 -999      	 -999      	 -999      	 -999      	 -999      	 -999
     221	 temp   	 a      	 Part1	 near_displaced	 circle    	          2	 2.5               	 standard  	 staircase      	              1	 stair1                  	 Part1|near_displaced|standard|stair1	 0.7            	 -2.5               	       5.8699	            2.7283	        89	                89	                  0	                 68	 right         	                 5.0	 -999              	 ok     	            0	 -999         	 -999.0       	               7.2  	             1	          0	             2	              0	           0	                2.8925	     4.796 	 -999      	 -999      	 -999      	 -999      	 -999      	 -999      	 -999      	 -999
     222	 temp   	 a      	 Part1	 near_displaced	 circle    	          2	 2.5               	 varying   	 staircase      	              1	 stair1                  	 Part1|near_displaced|varying|stair1 	 0.7            	 -2.5               	       0.6028	            3.7444	        89	                89	                  0	                 61	 left          	                 5.0	 -999              	 ok     	            0	 -999         	 -999.0       	               7.116	             1	          0	             3	              0	           0	                2.6499	     3.4688	 4.4383    	 -999      	 -999      	 -999      	 -999      	 -999      	 -999      	 -999
     223	 temp   	 a      	 Part1	 far_displaced 	 circle    	          2	 2.5               	 varying   	 staircase      	              1	 stair1                  	 Part1|far_displaced|varying|stair1  	 0.7            	 -2.5               	       5.0389	            1.8973	        89	                89	                  0	                 62	 right         	                10.0	 -999              	 ok     	            0	 -999         	 -999.0       	               7.283	             1	          0	             2	              0	           0	                2.9799	     4.4969	 -999      	 -999      	 -999      	 -999      	 -999      	 -999      	 -999      	 -999
     224	 temp   	 a      	 Part1	 far_displaced 	 circle    	          2	 2.5               	 standard  	 staircase      	              2	 stair2                  	 Part1|far_displaced|standard|stair2 	 1.5            	 -2.5               	       2.7365	            5.8781	        89	                89	                  0	                 65	 left          	                10.0	 -999              	 ok     	            0	 -999         	 -999.0       	               7.183	             1	          0	             3	              1	           1	                2.0099	     3.0751	 4.4468    	 -999      	 -999      	 -999      	 -999      	 -999      	 -999      	 -999
     225	 temp   	 a      	 Part1	 centred       	 circle    	          2	 2.5               	 standard  	 staircase      	              2	 stair2                  	 Part1|centred|standard|stair2       	 1.5            	 -2.5               	       2.9337	            6.0753	        89	                89	                  0	                 91	 center        	                 0.0	 -999              	 ok     	            0	 -999         	 -999.0       	               7.583	             1	          0	             2	              2	           1	                2.5154	     3.8905	 -999      	 -999      	 -999      	 -999      	 -999      	 -999      	 -999      	 -999
     226	 temp   	 a      	 Part1	 near_displaced	 circle    	          2	 2.5               	 standard  	 staircase      	              2	 stair2                  	 Part1|near_displaced|standard|stair2	 1.5            	 -2.5               	       1.1967	            4.3383	        89	                89	                  0	                 75	 right         	                 5.0	 -999              	 ok     	            0	 -999         	 -999.0       	               7.333	             1	          0	             3	              0	           0	                2.0463	     3.3784	 3.9559    	 -999      	 -999      	 -999      	 -999      	 -999      	 -999      	 -999
     227	 temp   	 a      	 Part1	 near_displaced	 circle    	          2	 2.5               	 varying   	 staircase      	              2	 stair2                  	 Part1|near_displaced|varying|stair2 	 1.5            	 -2.5               	       5.0202	            1.8786	        89	                89	                  0	                 74	 left          	                 5.0	 -999              	 ok     	            0	 -999         	 -999.0       	               7.434	             1	          0	             2	              0	           0	                2.6196	     4.0661	 -999      	 -999      	 -999      	 -999      	 -999      	 -999      	 -999      	 -999
     228	 temp   	 a      	 Part1	 far_displaced 	 circle    	          2	 2.5               	 varying   	 staircase      	              2	 stair2                  	 Part1|far_displaced|varying|stair2  	 1.5            	 -2.5               	       0.1579	            3.2995	        89	                89	                  0	                 96	 right         	                10.0	 -999              	 ok     	            0	 -999         	 -999.0       	               7.649	             1	          0	             2	              2	           1	                2.4916	     3.754 	 -999      	 -999      	 -999      	 -999      	 -999      	 -999      	 -999      	 -999
     229	 temp   	 a      	 Part1	 near_displaced	 circle    	          2	 0.2               	 varying   	 attention_check	              0	 n/a                     	 -999                                	 -999           	 -999               	       4.8647	            1.7231	        89	                89	                  0	                 66	 left          	                 5.0	 -999              	 ok     	            0	 -999         	 -999.0       	               7.283	             1	          0	             2	              0	           0	                2.8139	     3.7816	 -999      	 -999      	 -999      	 -999      	 -999      	 -999      	 -999      	 -999
     230	 temp   	 a      	 Part1	 near_displaced	 circle    	          2	 2.5               	 varying   	 staircase      	              1	 stair1                  	 Part1|near_displaced|varying|stair1 	 0.7            	 -2.5               	       1.839 	            4.9806	        89	                89	                  0	                 67	 left          	                 5.0	 -999              	 ok     	            0	 -999         	 -999.0       	               7.3  	             1	          0	             3	              0	           0	                2.3859	     3.1829	 4.9877    	 -999      	 -999      	 -999      	 -999      	 -999      	 -999      	 -999
     231	 temp   	 a      	 Part1	 near_displaced	 circle    	          2	 2.5               	 standard  	 staircase      	              1	 stair1                  	 Part1|near_displaced|standard|stair1	 0.7            	 -2.5               	       3.7068	            0.5652	        89	                89	                  0	                 62	 right         	                 5.0	 -999              	 ok     	            0	 -999         	 -999.0       	               7.4  	             1	          0	             3	              2	           2	                1.9703	     2.6815	 3.6885    	 -999      	 -999      	 -999      	 -999      	 -999      	 -999      	 -999
     232	 temp   	 a      	 Part1	 far_displaced 	 circle    	          2	 2.5               	 standard  	 staircase      	              1	 stair1                  	 Part1|far_displaced|standard|stair1 	 0.7            	 -2.5               	       2.3861	            5.5277	        89	                89	                  0	                 81	 left          	                10.0	 -999              	 ok     	            0	 -999         	 -999.0       	               7.516	             1	          0	             2	              1	           1	                3.199 	     4.731 	 -999      	 -999      	 -999      	 -999      	 -999      	 -999      	 -999      	 -999
     233	 temp   	 a      	 Part1	 far_displaced 	 circle    	          2	 2.5               	 varying   	 staircase      	              1	 stair1                  	 Part1|far_displaced|varying|stair1  	 0.7            	 -2.5               	       1.6649	            4.8065	        89	                89	                  0	                 60	 right         	                10.0	 -999              	 ok     	            0	 -999         	 -999.0       	               7.266	             1	          0	             2	              3	           2	                2.4456	     3.5732	 -999      	 -999      	 -999      	 -999      	 -999      	 -999      	 -999      	 -999
     234	 temp   	 a      	 Part1	 centred       	 circle    	          2	 2.5               	 standard  	 staircase      	              1	 stair1                  	 Part1|centred|standard|stair1       	 0.7            	 -2.5               	       5.9051	            2.7635	        89	                89	                  0	                 66	 center        	                 0.0	 -999              	 ok     	            0	 -999         	 -999.0       	               7.299	             1	          0	             3	              0	           0	                2.5505	     3.2887	 4.873     	 -999      	 -999      	 -999      	 -999      	 -999      	 -999      	 -999
     235	 temp   	 a      	 Part1	 far_displaced 	 circle    	          2	 2.5               	 varying   	 staircase      	              2	 stair2                  	 Part1|far_displaced|varying|stair2  	 1.5            	 -2.5               	       4.0696	            0.928 	        89	                89	                  0	                 71	 left          	                10.0	 -999              	 ok     	            0	 -999         	 -999.0       	               7.567	             1	          0	             3	              2	           2	                1.7277	     2.5627	 4.4886    	 -999      	 -999      	 -999      	 -999      	 -999      	 -999      	 -999
     236	 temp   	 a      	 Part1	 near_displaced	 circle    	          2	 2.5               	 standard  	 staircase      	              2	 stair2                  	 Part1|near_displaced|standard|stair2	 1.5            	 -2.5               	       0.2215	            3.3631	        89	                89	                  0	                 70	 right         	                 5.0	 -999              	 ok     	            0	 -999         	 -999.0       	               7.382	             1	          0	             2	              0	           0	                3.1256	     4.7073	 -999      	 -999      	 -999      	 -999      	 -999      	 -999      	 -999      	 -999
     237	 temp   	 a      	 Part1	 far_displaced 	 circle    	          2	 2.5               	 standard  	 staircase      	              2	 stair2                  	 Part1|far_displaced|standard|stair2 	 1.5            	 -2.5               	       4.4581	            1.3165	        89	                89	                  0	                 97	 right         	                10.0	 -999              	 ok     	            0	 -999         	 -999.0       	               7.766	             1	          0	             3	              0	           0	                2.3894	     3.3228	 4.7945    	 -999      	 -999      	 -999      	 -999      	 -999      	 -999      	 -999
     238	 temp   	 a      	 Part1	 near_displaced	 circle    	          2	 2.5               	 varying   	 staircase      	              2	 stair2                  	 Part1|near_displaced|varying|stair2 	 1.5            	 -2.5               	       5.9152	            2.7736	        89	                89	                  0	                 87	 left          	                 5.0	 -999              	 ok     	            0	 -999         	 -999.0       	               7.633	             1	          0	             2	              0	           0	                2.8175	     4.6105	 -999      	 -999      	 -999      	 -999      	 -999      	 -999      	 -999      	 -999
     239	 temp   	 a      	 Part1	 centred       	 circle    	          2	 2.5               	 standard  	 staircase      	              2	 stair2                  	 Part1|centred|standard|stair2       	 1.5            	 -2.5               	       1.3602	            4.5018	        89	                89	                  0	                 86	 center        	                 0.0	 -999              	 ok     	            0	 -999         	 -999.0       	               7.75 	             1	          0	             2	              1	           1	                2.9163	     4.6257	 -999      	 -999      	 -999      	 -999      	 -999      	 -999      	 -999      	 -999
     240	 temp   	 a      	 Part1	 centred       	 circle    	          2	 0.2               	 standard  	 attention_check	              0	 n/a                     	 -999                                	 -999           	 -999               	       4.1839	            1.0423	        89	                89	                  0	                 88	 center        	                 0.0	 -999              	 ok     	            0	 -999         	 -999.0       	               7.649	             1	          0	             2	              0	           0	                2.4083	     3.4983	 -999      	 -999      	 -999      	 -999      	 -999      	 -999      	 -999      	 -999
     241	 temp   	 a      	 Part1	 far_displaced 	 circle    	          2	 2.5               	 varying   	 staircase      	              1	 stair1                  	 Part1|far_displaced|varying|stair1  	 0.7            	 -2.5               	       2.5364	            5.678 	        89	                89	                  0	                 65	 right         	                10.0	 -999              	 ok     	            0	 -999         	 -999.0       	               7.383	             1	          0	             3	              0	           0	                2.1821	     3.2922	 5.25      	 -999      	 -999      	 -999      	 -999      	 -999      	 -999      	 -999
     242	 temp   	 a      	 Part1	 near_displaced	 circle    	          2	 2.5               	 standard  	 staircase      	              1	 stair1                  	 Part1|near_displaced|standard|stair1	 0.7            	 -2.5               	       0.0276	            3.1692	        89	                89	                  0	                 72	 left          	                 5.0	 -999              	 ok     	            0	 -999         	 -999.0       	               7.666	             1	          0	             2	              0	           0	                3.0471	     4.0763	 -999      	 -999      	 -999      	 -999      	 -999      	 -999      	 -999      	 -999
     243	 temp   	 a      	 Part1	 centred       	 circle    	          2	 2.5               	 standard  	 staircase      	              1	 stair1                  	 Part1|centred|standard|stair1       	 0.7            	 -2.5               	       2.5242	            5.6658	        89	                89	                  0	                 71	 center        	                 0.0	 -999              	 ok     	            0	 -999         	 -999.0       	               7.516	             1	          0	             3	              3	           0	                2.27  	     2.9845	 3.9       	 -999      	 -999      	 -999      	 -999      	 -999      	 -999      	 -999
     244	 temp   	 a      	 Part1	 far_displaced 	 circle    	          2	 2.5               	 standard  	 staircase      	              1	 stair1                  	 Part1|far_displaced|standard|stair1 	 0.7            	 -2.5               	       1.9429	            5.0845	        89	                89	                  0	                 70	 right         	                10.0	 -999              	 ok     	            0	 -999         	 -999.0       	               7.482	             1	          0	             2	              4	           1	                2.5558	     3.9257	 -999      	 -999      	 -999      	 -999      	 -999      	 -999      	 -999      	 -999
     245	 temp   	 a      	 Part1	 near_displaced	 circle    	          2	 2.5               	 varying   	 staircase      	              1	 stair1                  	 Part1|near_displaced|varying|stair1 	 0.7            	 -2.5               	       1.4339	            4.5754	        89	                89	                  0	                 70	 left          	                 5.0	 -999              	 ok     	            0	 -999         	 -999.0       	               7.516	             1	          0	             2	              2	           0	                2.9219	     4.8559	 -999      	 -999      	 -999      	 -999      	 -999      	 -999      	 -999      	 -999
     246	 temp   	 a      	 Part1	 centred       	 circle    	          2	 2.5               	 standard  	 staircase      	              2	 stair2                  	 Part1|centred|standard|stair2       	 1.5            	 -2.5               	       4.0979	            0.9563	        89	                89	                  0	                 96	 center        	                 0.0	 -999              	 ok     	            0	 -999         	 -999.0       	               7.95 	             1	          0	             3	              4	           4	                2.5484	     3.3052	 3.9787    	 -999      	 -999      	 -999      	 -999      	 -999      	 -999      	 -999
     247	 temp   	 a      	 Part1	 near_displaced	 circle    	          2	 2.5               	 standard  	 staircase      	              2	 stair2                  	 Part1|near_displaced|standard|stair2	 1.5            	 -2.5               	       1.9025	            5.0441	        89	                89	                  0	                 72	 left          	                 5.0	 -999              	 ok     	            0	 -999         	 -999.0       	               7.533	             1	          0	             2	              1	           0	                2.5713	     4.0833	 -999      	 -999      	 -999      	 -999      	 -999      	 -999      	 -999      	 -999
     248	 temp   	 a      	 Part1	 far_displaced 	 circle    	          2	 2.5               	 standard  	 staircase      	              2	 stair2                  	 Part1|far_displaced|standard|stair2 	 1.5            	 -2.5               	       3.5996	            0.458 	        89	                89	                  0	                 71	 right         	                10.0	 -999              	 ok     	            0	 -999         	 -999.0       	               7.515	             1	          0	             3	              0	           0	                2.1754	     3.4703	 4.5091    	 -999      	 -999      	 -999      	 -999      	 -999      	 -999      	 -999
     249	 temp   	 a      	 Part1	 near_displaced	 circle    	          2	 2.5               	 varying   	 staircase      	              2	 stair2                  	 Part1|near_displaced|varying|stair2 	 1.5            	 -2.5               	       0.1111	            3.2527	        89	                89	                  0	                 85	 left          	                 5.0	 -999              	 ok     	            0	 -999         	 -999.0       	               7.733	             1	          0	             2	              0	           0	                2.2057	     3.5904	 -999      	 -999      	 -999      	 -999      	 -999      	 -999      	 -999      	 -999
     250	 temp   	 a      	 Part1	 far_displaced 	 circle    	          2	 2.5               	 varying   	 staircase      	              2	 stair2                  	 Part1|far_displaced|varying|stair2  	 1.5            	 -2.5               	       2.9422	            6.0838	        89	                89	                  0	                 75	 right         	                10.0	 -999              	 ok     	            0	 -999         	 -999.0       	               7.649	             1	          0	             2	              1	           1	                2.2708	     3.9643	 -999      	 -999      	 -999      	 -999      	 -999      	 -999      	 -999      	 -999
     251	 temp   	 a      	 Part1	 far_displaced 	 circle    	          2	 0.2               	 varying   	 attention_check	              0	 n/a                     	 -999                                	 -999           	 -999               	       0.7281	            3.8697	        89	                89	                  0	                 89	 left          	                10.0	 -999              	 ok     	            0	 -999         	 -999.0       	               7.8  	             1	          0	             2	              0	           0	                2.3701	     3.921 	 -999      	 -999      	 -999      	 -999      	 -999      	 -999      	 -999      	 -999
     252	 temp   	 a      	 Part1	 near_displaced	 circle    	          2	 2.5               	 standard  	 staircase      	              1	 stair1                  	 Part1|near_displaced|standard|stair1	 0.7            	 -2.5               	       5.1378	            1.9962	        89	                89	                  0	                 67	 right         	                 5.0	 -999              	 ok     	            0	 -999         	 -999.0       	               7.582	             1	          0	             3	              0	           0	                2.0209	     2.9055	 4.0262    	 -999      	 -999      	 -999      	 -999      	 -999      	 -999      	 -999
     253	 temp   	 a      	 Part1	 centred       	 circle    	          2	 2.5               	 standard  	 staircase      	              1	 stair1                  	 Part1|centred|standard|stair1       	 0.7            	 -2.5               	       5.688 	            2.5464	        89	                89	                  0	                 88	 center        	                 0.0	 -999              	 ok     	            0	 -999         	 -999.0       	               7.867	             1	          0	             2	              1	           1	                3.0385	     4.5047	 -999      	 -999      	 -999      	 -999      	 -999      	 -999      	 -999      	 -999
     254	 temp   	 a      	 Part1	 near_displaced	 circle    	          2	 2.5               	 varying   	 staircase      	              1	 stair1                  	 Part1|near_displaced|varying|stair1 	 0.7            	 -2.5               	       4.5878	            1.4462	        89	                89	                  0	                 81	 right         	                 5.0	 -999              	 ok     	            0	 -999         	 -999.0       	               7.682	             1	          0	             2	              1	           1	                2.4263	     4.1191	 -999      	 -999      	 -999      	 -999      	 -999      	 -999      	 -999      	 -999
     255	 temp   	 a      	 Part1	 far_displaced 	 circle    	          2	 2.5               	 standard  	 staircase      	              1	 stair1                  	 Part1|far_displaced|standard|stair1 	 0.7            	 -2.5               	       0.109 	            3.2506	        89	                89	                  0	                 88	 left          	                10.0	 -999              	 ok     	            0	 -999         	 -999.0       	               7.783	             1	          0	             2	              0	           0	                2.9742	     4.1932	 -999      	 -999      	 -999      	 -999      	 -999      	 -999      	 -999      	 -999
     256	 temp   	 a      	 Part1	 far_displaced 	 circle    	          2	 2.5               	 varying   	 staircase      	              1	 stair1                  	 Part1|far_displaced|varying|stair1  	 0.7            	 -2.5               	       4.3015	            1.1599	        89	                89	                  0	                 82	 right         	                10.0	 -999              	 ok     	            0	 -999         	 -999.0       	               7.732	             1	          0	             2	              0	           0	                2.9569	     4.7438	 -999      	 -999      	 -999      	 -999      	 -999      	 -999      	 -999      	 -999
     257	 temp   	 a      	 Part1	 centred       	 circle    	          2	 2.5               	 standard  	 staircase      	              2	 stair2                  	 Part1|centred|standard|stair2       	 1.5            	 -2.5               	       5.9202	            2.7786	        89	                89	                  0	                 77	 center        	                 0.0	 -999              	 ok     	            0	 -999         	 -999.0       	               7.832	             1	          0	             3	              1	           1	                2.3003	     3.252 	 4.3609    	 -999      	 -999      	 -999      	 -999      	 -999      	 -999      	 -999
     258	 temp   	 a      	 Part1	 far_displaced 	 circle    	          2	 2.5               	 varying   	 staircase      	              2	 stair2                  	 Part1|far_displaced|varying|stair2  	 1.5            	 -2.5               	       5.008 	            1.8664	        89	                89	                  0	                 88	 left          	                10.0	 -999              	 ok     	            0	 -999         	 -999.0       	               7.882	             1	          0	             2	              4	           0	                2.3696	     4.1603	 -999      	 -999      	 -999      	 -999      	 -999      	 -999      	 -999      	 -999
     259	 temp   	 a      	 Part1	 near_displaced	 circle    	          2	 2.5               	 varying   	 staircase      	              2	 stair2                  	 Part1|near_displaced|varying|stair2 	 1.5            	 -2.5               	       5.3229	            2.1813	        89	                89	                  0	                 82	 right         	                 5.0	 -999              	 ok     	            0	 -999         	 -999.0       	               7.8  	             1	          0	             2	              3	           2	                3.0932	     4.3768	 -999      	 -999      	 -999      	 -999      	 -999      	 -999      	 -999      	 -999
     260	 temp   	 a      	 Part1	 far_displaced 	 circle    	          2	 2.5               	 standard  	 staircase      	              2	 stair2                  	 Part1|far_displaced|standard|stair2 	 1.5            	 -2.5               	       4.4764	            1.3349	        89	                89	                  0	                 75	 left          	                10.0	 -999              	 ok     	            0	 -999         	 -999.0       	               7.766	             1	          0	             2	              0	           0	                2.9141	     4.532 	 -999      	 -999      	 -999      	 -999      	 -999      	 -999      	 -999      	 -999
     261	 temp   	 a      	 Part1	 near_displaced	 circle    	          2	 2.5               	 standard  	 staircase      	              2	 stair2                  	 Part1|near_displaced|standard|stair2	 1.5            	 -2.5               	       2.9368	            6.0783	        89	                89	                  0	                 69	 left          	                 5.0	 -999              	 ok     	            0	 -999         	 -999.0       	               7.616	             1	          0	             2	              0	           0	                2.8982	     4.8353	 -999      	 -999      	 -999      	 -999      	 -999      	 -999      	 -999      	 -999
     262	 temp   	 a      	 Part1	 near_displaced	 circle    	          2	 0.2               	 standard  	 attention_check	              0	 n/a                     	 -999                                	 -999           	 -999               	       1.1317	            4.2733	        89	                89	                  0	                 84	 right         	                 5.0	 -999              	 ok     	            0	 -999         	 -999.0       	               7.866	             1	          0	             2	              1	           0	                2.5862	     3.5512	 -999      	 -999      	 -999      	 -999      	 -999      	 -999      	 -999      	 -999
     263	 temp   	 a      	 Part1	 far_displaced 	 circle    	          2	 2.5               	 varying   	 staircase      	              1	 stair1                  	 Part1|far_displaced|varying|stair1  	 0.7            	 -2.5               	       4.3349	            1.1933	        89	                89	                  0	                 76	 left          	                10.0	 -999              	 ok     	            0	 -999         	 -999.0       	               7.767	             1	          0	             3	              1	           1	                2.1014	     3.3225	 5.2986    	 -999      	 -999      	 -999      	 -999      	 -999      	 -999      	 -999
     264	 temp   	 a      	 Part1	 near_displaced	 circle    	          2	 2.5               	 varying   	 staircase      	              1	 stair1                  	 Part1|near_displaced|varying|stair1 	 0.7            	 -2.5               	       0.8096	            3.9512	        89	                89	                  0	                 82	 right         	                 5.0	 -999              	 ok     	            0	 -999         	 -999.0       	               7.848	             1	          0	             3	              0	           0	                2.059 	     2.9896	 4.2075    	 -999      	 -999      	 -999      	 -999      	 -999      	 -999      	 -999
     265	 temp   	 a      	 Part1	 near_displaced	 circle    	          2	 2.5               	 standard  	 staircase      	              1	 stair1                  	 Part1|near_displaced|standard|stair1	 0.7            	 -2.5               	       1.4695	            4.6111	        89	                89	                  0	                 78	 left          	                 5.0	 -999              	 ok     	            0	 -999         	 -999.0       	               7.784	             1	          0	             2	              0	           0	                2.5177	     4.1154	 -999      	 -999      	 -999      	 -999      	 -999      	 -999      	 -999      	 -999
     266	 temp   	 a      	 Part1	 far_displaced 	 circle    	          2	 2.5               	 standard  	 staircase      	              1	 stair1                  	 Part1|far_displaced|standard|stair1 	 0.7            	 -2.5               	       1.7574	            4.899 	        89	                89	                  0	                 69	 right         	                10.0	 -999              	 ok     	            0	 -999         	 -999.0       	               7.666	             1	          0	             3	              1	           1	                2.194 	     3.295 	 5.2825    	 -999      	 -999      	 -999      	 -999      	 -999      	 -999      	 -999
     267	 temp   	 a      	 Part1	 centred       	 circle    	          2	 2.5               	 standard  	 staircase      	              1	 stair1                  	 Part1|centred|standard|stair1       	 0.7            	 -2.5               	       1.6477	            4.7893	        89	                89	                  0	                 76	 center        	                 0.0	 -999              	 ok     	            0	 -999         	 -999.0       	               7.849	             1	          0	             3	              2	           1	                2.519 	     3.3348	 4.7187    	 -999      	 -999      	 -999      	 -999      	 -999      	 -999      	 -999
     268	 temp   	 a      	 Part1	 near_displaced	 circle    	          2	 2.5               	 standard  	 staircase      	              2	 stair2                  	 Part1|near_displaced|standard|stair2	 1.5            	 -2.5               	       1.2178	            4.3594	        89	                89	                  0	                 60	 right         	                 5.0	 -999              	 ok     	            0	 -999         	 -999.0       	               7.583	             1	          0	             2	              1	           1	                2.8274	     4.381 	 -999      	 -999      	 -999      	 -999      	 -999      	 -999      	 -999      	 -999
     269	 temp   	 a      	 Part1	 centred       	 circle    	          2	 2.5               	 standard  	 staircase      	              2	 stair2                  	 Part1|centred|standard|stair2       	 1.5            	 -2.5               	       1.4665	            4.608 	        89	                89	                  0	                 88	 center        	                 0.0	 -999              	 ok     	            0	 -999         	 -999.0       	               7.966	             1	          0	             2	              0	           0	                3.0853	     3.8057	 -999      	 -999      	 -999      	 -999      	 -999      	 -999      	 -999      	 -999
     270	 temp   	 a      	 Part1	 far_displaced 	 circle    	          2	 2.5               	 standard  	 staircase      	              2	 stair2                  	 Part1|far_displaced|standard|stair2 	 1.5            	 -2.5               	       3.0918	            6.2334	        89	                89	                  0	                 97	 left          	                10.0	 -999              	 ok     	            0	 -999         	 -999.0       	               8.216	             1	          0	             2	              0	           0	                2.3029	     4.1608	 -999      	 -999      	 -999      	 -999      	 -999      	 -999      	 -999      	 -999
     271	 temp   	 a      	 Part1	 near_displaced	 circle    	          2	 2.5               	 varying   	 staircase      	              2	 stair2                  	 Part1|near_displaced|varying|stair2 	 1.5            	 -2.5               	       3.4306	            0.289 	        89	                89	                  0	                 74	 right         	                 5.0	 -999              	 ok     	            0	 -999         	 -999.0       	               7.833	             1	          0	             3	              1	           1	                2.4403	     3.2516	 4.6939    	 -999      	 -999      	 -999      	 -999      	 -999      	 -999      	 -999
     272	 temp   	 a      	 Part1	 far_displaced 	 circle    	          2	 2.5               	 varying   	 staircase      	              2	 stair2                  	 Part1|far_displaced|varying|stair2  	 1.5            	 -2.5               	       3.7498	            0.6082	        89	                89	                  0	                 94	 left          	                10.0	 -999              	 ok     	            0	 -999         	 -999.0       	               8.082	             1	          0	             2	              0	           0	                2.4812	     3.6244	 -999      	 -999      	 -999      	 -999      	 -999      	 -999      	 -999      	 -999
     273	 temp   	 a      	 Part1	 far_displaced 	 circle    	          2	 0.2               	 standard  	 attention_check	              0	 n/a                     	 -999                                	 -999           	 -999               	       1.1155	            4.2571	        89	                89	                  0	                 90	 left          	                10.0	 -999              	 ok     	            0	 -999         	 -999.0       	               8.033	             1	          0	             2	              0	           0	                2.2984	     4.145 	 -999      	 -999      	 -999      	 -999      	 -999      	 -999      	 -999      	 -999
     274	 temp   	 a      	 Part1	 far_displaced 	 circle    	          2	 2.5               	 varying   	 staircase      	              1	 stair1                  	 Part1|far_displaced|varying|stair1  	 0.7            	 -2.5               	       4.7406	            1.599 	        89	                89	                  0	                 60	 right         	                10.0	 -999              	 ok     	            0	 -999         	 -999.0       	               7.8  	             1	          0	             2	              0	           0	                2.6338	     4.1104	 -999      	 -999      	 -999      	 -999      	 -999      	 -999      	 -999      	 -999
     275	 temp   	 a      	 Part1	 near_displaced	 circle    	          2	 2.5               	 varying   	 staircase      	              1	 stair1                  	 Part1|near_displaced|varying|stair1 	 0.7            	 -2.5               	       4.9152	            1.7736	        89	                89	                  0	                 75	 right         	                 5.0	 -999              	 ok     	            0	 -999         	 -999.0       	               7.883	             1	          0	             3	              2	           0	                2.2685	     2.7967	 4.528     	 -999      	 -999      	 -999      	 -999      	 -999      	 -999      	 -999
     276	 temp   	 a      	 Part1	 centred       	 circle    	          2	 2.5               	 standard  	 staircase      	              1	 stair1                  	 Part1|centred|standard|stair1       	 0.7            	 -2.5               	       3.476 	            0.3344	        89	                89	                  0	                 80	 center        	                 0.0	 -999              	 ok     	            0	 -999         	 -999.0       	               7.915	             1	          0	             3	              0	           0	                2.6609	     3.2053	 4.6807    	 -999      	 -999      	 -999      	 -999      	 -999      	 -999      	 -999
     277	 temp   	 a      	 Part1	 near_displaced	 circle    	          2	 2.5               	 standard  	 staircase      	              1	 stair1                  	 Part1|near_displaced|standard|stair1	 0.7            	 -2.5               	       5.3201	            2.1785	        89	                89	                  0	                 83	 left          	                 5.0	 -999              	 ok     	            0	 -999         	 -999.0       	               8.066	             1	          0	             2	              2	           2	                2.9267	     3.9207	 -999      	 -999      	 -999      	 -999      	 -999      	 -999      	 -999      	 -999
     278	 temp   	 a      	 Part1	 far_displaced 	 circle    	          2	 2.5               	 standard  	 staircase      	              1	 stair1                  	 Part1|far_displaced|standard|stair1 	 0.7            	 -2.5               	       2.7739	            5.9155	        89	                89	                  0	                 60	 left          	                10.0	 -999              	 ok     	            0	 -999         	 -999.0       	               7.649	             1	          0	             2	              0	           0	                2.0511	     3.9235	 -999      	 -999      	 -999      	 -999      	 -999      	 -999      	 -999      	 -999
     279	 temp   	 a      	 Part1	 far_displaced 	 circle    	          2	 2.5               	 varying   	 staircase      	              2	 stair2                  	 Part1|far_displaced|varying|stair2  	 1.5            	 -2.5               	       5.5648	            2.4232	        89	                89	                  0	                 67	 right         	                10.0	 -999              	 ok     	            0	 -999         	 -999.0       	               7.783	             1	          0	             2	              2	           1	                2.1357	     3.7549	 -999      	 -999      	 -999      	 -999      	 -999      	 -999      	 -999      	 -999
     280	 temp   	 a      	 Part1	 far_displaced 	 circle    	          2	 2.5               	 standard  	 staircase      	              2	 stair2                  	 Part1|far_displaced|standard|stair2 	 1.5            	 -2.5               	       1.5264	            4.668 	        89	                89	                  0	                 77	 right         	                10.0	 -999              	 ok     	            0	 -999         	 -999.0       	               7.916	             1	          0	             2	              0	           0	                2.7561	     3.8722	 -999      	 -999      	 -999      	 -999      	 -999      	 -999      	 -999      	 -999
     281	 temp   	 a      	 Part1	 near_displaced	 circle    	          2	 2.5               	 varying   	 staircase      	              2	 stair2                  	 Part1|near_displaced|varying|stair2 	 1.5            	 -2.5               	       3.7822	            0.6406	        89	                89	                  0	                 68	 left          	                 5.0	 -999              	 ok     	            0	 -999         	 -999.0       	               7.883	             1	          0	             2	              4	           3	                2.7215	     3.6377	 -999      	 -999      	 -999      	 -999      	 -999      	 -999      	 -999      	 -999
     282	 temp   	 a      	 Part1	 near_displaced	 circle    	          2	 2.5               	 standard  	 staircase      	              2	 stair2                  	 Part1|near_displaced|standard|stair2	 1.5            	 -2.5               	       4.9872	            1.8456	        89	                89	                  0	                 89	 right         	                 5.0	 -999              	 ok     	            0	 -999         	 -999.0       	               8.183	             1	          0	             2	              7	           6	                2.315 	     3.5539	 -999      	 -999      	 -999      	 -999      	 -999      	 -999      	 -999      	 -999
     283	 temp   	 a      	 Part1	 centred       	 circle    	          2	 2.5               	 standard  	 staircase      	              2	 stair2                  	 Part1|centred|standard|stair2       	 1.5            	 -2.5               	       0.6665	            3.8081	        89	                89	                  0	                 82	 center        	                 0.0	 -999              	 ok     	            0	 -999         	 -999.0       	               7.983	             1	          0	             3	              0	           0	                1.7313	     3.4622	 5.2382    	 -999      	 -999      	 -999      	 -999      	 -999      	 -999      	 -999
     284	 temp   	 a      	 Part1	 near_displaced	 circle    	          2	 0.2               	 standard  	 attention_check	              0	 n/a                     	 -999                                	 -999           	 -999               	       0.8132	            3.9548	        89	                89	                  0	                 71	 left          	                 5.0	 -999              	 ok     	            0	 -999         	 -999.0       	               7.966	             1	          0	             2	              1	           0	                3.1421	     3.7946	 -999      	 -999      	 -999      	 -999      	 -999      	 -999      	 -999      	 -999
