trialnum	 subject	 session	 part 	 condition  	 basicShape 	 numObjects	 speed             	 motionRule	 trialKind      	 staircaseIndex	 staircaseWithinCondition	 stairKey                	 stairStartSpeed	 stairValue         	 initialAngle	 initialOtherAngle	 cueFrames	 timingCheckFrames	 eyetrackingEnabled	 fixatnPeriodFrames	 trajectorySide	 trajectoryOffsetDeg	 ellipseRotationRad	 correct	 trialOutcome	 trialExcluded	 fixBreakFrame	 fixBreakDistanceDeg	 trialDurTotal	 numTargets	 whichIsTarget	 reversal_count	 timingBlips	 numLongFramesAfterCue	 reversal_0	 reversal_1	 reversal_2	 reversal_3	 reversal_4	 reversal_5	 reversal_6	 reversal_7	 reversal_8	 reversal_9
       0	 temp   	 a      	 Part2	 sine_circle	 sine_circle	          2	 0.7               	 shape     	 practice       	              0	 n/a                     	 -999                    	 -999           	 -999               	       5.0879	            1.9463	        89	                89	                  0	                 67	 center        	                 0.0	 -999              	 ok     	            0	 -999         	 -999.0       	               5.052	             1	          0	             2	              2	           0	                3.0938	     3.9667	 -999      	 -999      	 -999      	 -999      	 -999      	 -999      	 -999      	 -999
       1	 temp   	 a      	 Part2	 ellipse    	 ellipse    	          2	 0.7               	 shape     	 practice       	              0	 n/a                     	 -999                    	 -999           	 -999               	       5.4128	            2.2712	        89	                89	                  0	                 87	 center        	                 0.0	 -999              	 ok     	            0	 -999         	 -999.0       	               5.28 	             1	          0	             2	              2	           0	                2.106 	     3.6339	 -999      	 -999      	 -999      	 -999      	 -999      	 -999      	 -999      	 -999
       2	 temp   	 a      	 Part2	 sine_circle	 sine_circle	          2	 0.5               	 shape     	 practice       	              0	 n/a                     	 -999                    	 -999           	 -999               	       4.3664	            1.2248	        89	                89	                  0	                 68	 center        	                 0.0	 -999              	 ok     	            0	 -999         	 -999.0       	               5.027	             1	          0	             2	              0	           0	                1.8342	     3.6718	 -999      	 -999      	 -999      	 -999      	 -999      	 -999      	 -999      	 -999
       3	 temp   	 a      	 Part2	 ellipse    	 ellipse    	          2	 1.0               	 shape     	 practice       	              0	 n/a                     	 -999                    	 -999           	 -999               	       2.4637	            5.6052	        89	                89	                  0	                 76	 center        	                 0.0	 -999              	 ok     	            0	 -999         	 -999.0       	               5.122	             1	          0	             3	              2	           2	                2.3733	     3.0125	 4.6678    	 -999      	 -999      	 -999      	 -999      	 -999      	 -999      	 -999
       4	 temp   	 a      	 Part2	 diamond    	 diamond    	          2	 1.0               	 shape     	 practice       	              0	 n/a                     	 -999                    	 -999           	 -999               	       6.23  	            3.0884	        89	                89	                  0	                 76	 center        	                 0.0	 -999              	 ok     	            0	 -999         	 -999.0       	               5.107	             1	          0	             2	              0	           0	                2.0726	     3.5248	 -999      	 -999      	 -999      	 -999      	 -999      	 -999      	 -999      	 -999
       5	 temp   	 a      	 Part2	 ellipse    	 ellipse    	          2	 0.5               	 shape     	 practice       	              0	 n/a                     	 -999                    	 -999           	 -999               	       3.5593	            0.4177	        89	                89	                  0	                 82	 center        	                 0.0	 -999              	 ok     	            0	 -999         	 -999.0       	               5.295	             1	          0	             4	              8	           8	                1.7958	     2.4935	 3.2601    	 4.3824    	 -999      	 -999      	 -999      	 -999      	 -999      	 -999
       6	 temp   	 a      	 Part2	 diamond    	 diamond    	          2	 0.7               	 shape     	 practice       	              0	 n/a                     	 -999                    	 -999           	 -999               	       4.5893	            1.4477	        89	                89	                  0	                 68	 center        	                 0.0	 -999              	 ok     	            0	 -999         	 -999.0       	               5.001	             1	          0	             2	              0	           0	                3.0641	     4.7233	 -999      	 -999      	 -999      	 -999      	 -999      	 -999      	 -999      	 -999
       7	 temp   	 a      	 Part2	 sine_circle	 sine_circle	          2	 1.0               	 shape     	 practice       	              0	 n/a                     	 -999                    	 -999           	 -999               	       4.1448	            1.0032	        89	                89	                  0	                 81	 center        	                 0.0	 -999              	 ok     	            0	 -999         	 -999.0       	               5.175	             1	          0	             2	              0	           0	                2.0154	     3.9817	 -999      	 -999      	 -999      	 -999      	 -999      	 -999      	 -999      	 -999
       8	 temp   	 a      	 Part2	 diamond    	 diamond    	          2	 0.5               	 shape     	 practice       	              0	 n/a                     	 -999                    	 -999           	 -999               	       3.0963	            6.2379	        89	                89	                  0	                 91	 center        	                 0.0	 -999              	 ok     	            0	 -999         	 -999.0       	               5.375	             1	          0	             3	              2	           2	                2.4412	     2.9861	 4.0108    	 -999      	 -999      	 -999      	 -999      	 -999      	 -999      	 -999
       9	 temp   	 a      	 Part2	 ellipse    	 ellipse    	          2	 0.7               	 shape     	 staircase      	              1	 stair1                  	 Part2|ellipse|stair1    	 0.7            	 -0.7               	       2.2314	            5.373 	        89	                89	                  0	                 61	 center        	                 0.0	 -999              	 ok     	            0	 -999         	 -999.0       	               5.016	             1	          0	             2	              2	           2	                2.697 	     4.0935	 -999      	 -999      	 -999      	 -999      	 -999      	 -999      	 -999      	 -999
      10	 temp   	 a      	 Part2	 diamond    	 diamond    	          2	 0.7               	 shape     	 staircase      	              1	 stair1                  	 Part2|diamond|stair1    	 0.7            	 -0.7               	       4.154 	            1.0124	        89	                89	                  0	                 65	 center        	                 0.0	 -999              	 ok     	            0	 -999         	 -999.0       	               5.066	             1	          0	             2	              0	           0	                2.7286	     4.1162	 -999      	 -999      	 -999      	 -999      	 -999      	 -999      	 -999      	 -999
      11	 temp   	 a      	 Part2	 sine_circle	 sine_circle	          2	 0.7               	 shape     	 staircase      	              1	 stair1                  	 Part2|sine_circle|stair1	 0.7            	 -0.7               	       0.141 	            3.2826	        89	                89	                  0	                 94	 center        	                 0.0	 -999              	 ok     	            0	 -999         	 -999.0       	               5.533	             1	          0	             3	              2	           1	                2.4679	     3.1147	 3.806     	 -999      	 -999      	 -999      	 -999      	 -999      	 -999      	 -999
      12	 temp   	 a      	 Part2	 diamond    	 diamond    	          2	 1.5               	 shape     	 staircase      	              2	 stair2                  	 Part2|diamond|stair2    	 1.5            	 -1.5               	       3.1086	            6.2502	        89	                89	                  0	                 82	 center        	                 0.0	 -999              	 ok     	            0	 -999         	 -999.0       	               5.316	             1	          0	             3	              1	           0	                2.7602	     3.287 	 4.3561    	 -999      	 -999      	 -999      	 -999      	 -999      	 -999      	 -999
      13	 temp   	 a      	 Part2	 ellipse    	 ellipse    	          2	 1.5               	 shape     	 staircase      	              2	 stair2                  	 Part2|ellipse|stair2    	 1.5            	 -1.5               	       3.4304	            0.2889	        89	                89	                  0	                 70	 center        	                 0.0	 -999              	 ok     	            0	 -999         	 -999.0       	               5.166	             1	          0	             3	              2	           1	                1.7805	     2.6905	 3.5698    	 -999      	 -999      	 -999      	 -999      	 -999      	 -999      	 -999
      14	 temp   	 a      	 Part2	 sine_circle	 sine_circle	          2	 1.5               	 shape     	 staircase      	              2	 stair2                  	 Part2|sine_circle|stair2	 1.5            	 -1.5               	       4.6455	            1.5039	        89	                89	                  0	                 94	 center        	                 0.0	 -999              	 ok     	            0	 -999         	 -999.0       	               5.699	             1	          0	             3	              0	           0	                1.9248	     2.5802	 3.7431    	 -999      	 -999      	 -999      	 -999      	 -999      	 -999      	 -999
      15	 temp   	 a      	 Part2	 sine_circle	 sine_circle	          2	 0.7               	 shape     	 staircase      	              1	 stair1                  	 Part2|sine_circle|stair1	 0.7            	 -0.7               	       2.52  	            5.6616	        89	                89	                  0	                 95	 center        	                 0.0	 -999              	 ok     	            0	 -999         	 -999.0       	               5.516	             1	          0	             2	              0	           0	                2.3321	     3.5542	 -999      	 -999      	 -999      	 -999      	 -999      	 -999      	 -999      	 -999
      16	 temp   	 a      	 Part2	 ellipse    	 ellipse    	          2	 0.7               	 shape     	 staircase      	              1	 stair1                  	 Part2|ellipse|stair1    	 0.7            	 -0.7               	       0.8966	            4.0382	        89	                89	                  0	                 76	 center        	                 0.0	 -999              	 ok     	            0	 -999         	 -999.0       	               5.3  	             1	          0	             3	              0	           0	                1.909 	     2.8464	 4.832     	 -999      	 -999      	 -999      	 -999      	 -999      	 -999      	 -999
      17	 temp   	 a      	 Part2	 diamond    	 diamond    	          2	 0.7               	 shape     	 staircase      	              1	 stair1                  	 Part2|diamond|stair1    	 0.7            	 -0.7               	       5.2405	            2.0989	        89	                89	                  0	                 67	 center        	                 0.0	 -999              	 ok     	            0	 -999         	 -999.0       	               5.183	             1	          0	             3	              0	           0	                2.154 	     2.9348	 4.6761    	 -999      	 -999      	 -999      	 -999      	 -999      	 -999      	 -999
      18	 temp   	 a      	 Part2	 sine_circle	 sine_circle	          2	 1.5               	 shape     	 staircase      	              2	 stair2                  	 Part2|sine_circle|stair2	 1.5            	 -1.5               	       0.7594	            3.901 	        89	                89	                  0	                 62	 center        	                 0.0	 -999              	 ok     	            0	 -999         	 -999.0       	               5.1  	             1	          0	             2	              0	           0	                2.0022	     3.7061	 -999      	 -999      	 -999      	 -999      	 -999      	 -999      	 -999      	 -999
      19	 temp   	 a      	 Part2	 ellipse    	 ellipse    	          2	 1.5               	 shape     	 staircase      	              2	 stair2                  	 Part2|ellipse|stair2    	 1.5            	 -1.5               	       3.5165	            0.3749	        89	                89	                  0	                 75	 center        	                 0.0	 -999              	 ok     	            0	 -999         	 -999.0       	               5.283	             1	          0	             2	              0	           0	                2.8432	     4.0738	 -999      	 -999      	 -999      	 -999      	 -999      	 -999      	 -999      	 -999
      20	 temp   	 a      	 Part2	 ellipse    	 ellipse    	          2	 0.2               	 shape     	 attention_check	              0	 n/a                     	 -999                    	 -999           	 -999               	       4.1881	            1.0465	        89	                89	                  0	                 84	 center        	                 0.0	 -999              	 ok     	            0	 -999         	 -999.0       	               5.466	             1	          0	             2	              0	           0	                3.1799	     4.3716	 -999      	 -999      	 -999      	 -999      	 -999      	 -999      	 -999      	 -999
      21	 temp   	 a      	 Part2	 diamond    	 diamond    	          2	 1.5               	 shape     	 staircase      	              2	 stair2                  	 Part2|diamond|stair2    	 1.5            	 -1.5               	       0.1652	            3.3068	        89	                89	                  0	                 63	 center        	                 0.0	 -999              	 ok     	            0	 -999         	 -999.0       	               5.149	             1	          0	             2	              0	           0	                2.1605	     3.8523	 -999      	 -999      	 -999      	 -999      	 -999      	 -999      	 -999      	 -999
      22	 temp   	 a      	 Part2	 sine_circle	 sine_circle	          2	 0.7               	 shape     	 staircase      	              1	 stair1                  	 Part2|sine_circle|stair1	 0.7            	 -0.7               	       6.2302	            3.0886	        89	                89	                  0	                 76	 center        	                 0.0	 -999              	 ok     	            0	 -999         	 -999.0       	               5.633	             1	          0	             2	             11	           7	                3.1104	     4.5751	 -999      	 -999      	 -999      	 -999      	 -999      	 -999      	 -999      	 -999
      23	 temp   	 a      	 Part2	 ellipse    	 ellipse    	          2	 0.7               	 shape     	 staircase      	              1	 stair1                  	 Part2|ellipse|stair1    	 0.7            	 -0.7               	       1.5341	            4.6757	        89	                89	                  0	                 76	 center        	                 0.0	 -999              	 ok     	            0	 -999         	 -999.0       	               5.347	             1	          0	             2	              0	           0	                2.6081	     4.132 	 -999      	 -999      	 -999      	 -999      	 -999      	 -999      	 -999      	 -999
      24	 temp   	 a      	 Part2	 diamond    	 diamond    	          2	 0.7               	 shape     	 staircase      	              1	 stair1                  	 Part2|diamond|stair1    	 0.7            	 -0.7               	       5.8763	            2.7347	        89	                89	                  0	                 71	 center        	                 0.0	 -999              	 ok     	            0	 -999         	 -999.0       	               5.316	             1	          0	             2	              1	           1	                3.1058	     4.7799	 -999      	 -999      	 -999      	 -999      	 -999      	 -999      	 -999      	 -999
      25	 temp   	 a      	 Part2	 ellipse    	 ellipse    	          2	 1.5               	 shape     	 staircase      	              2	 stair2                  	 Part2|ellipse|stair2    	 1.5            	 -1.5               	       2.3517	            5.4933	        89	                89	                  0	                 86	 center        	                 0.0	 -999              	 ok     	            0	 -999         	 -999.0       	               5.5  	             1	          0	             2	              1	           1	                2.3728	     3.6295	 -999      	 -999      	 -999      	 -999      	 -999      	 -999      	 -999      	 -999
      26	 temp   	 a      	 Part2	 sine_circle	 sine_circle	          2	 1.5               	 shape     	 staircase      	              2	 stair2                  	 Part2|sine_circle|stair2	 1.5            	 -1.5               	       2.9523	            6.0939	        89	                89	                  0	                 66	 center        	                 0.0	 -999              	 ok     	            0	 -999         	 -999.0       	               5.25 	             1	          0	             3	              0	           0	                2.4254	     3.3876	 4.502     	 -999      	 -999      	 -999      	 -999      	 -999      	 -999      	 -999
      27	 temp   	 a      	 Part2	 diamond    	 diamond    	          2	 1.5               	 shape     	 staircase      	              2	 stair2                  	 Part2|diamond|stair2    	 1.5            	 -1.5               	       3.2824	            0.1408	        89	                89	                  0	                 92	 center        	                 0.0	 -999              	 ok     	            0	 -999         	 -999.0       	               5.616	             1	          0	             2	              0	           0	                1.7729	     3.5823	 -999      	 -999      	 -999      	 -999      	 -999      	 -999      	 -999      	 -999
      28	 temp   	 a      	 Part2	 ellipse    	 ellipse    	          2	 1.0               	 shape     	 staircase      	              1	 stair1                  	 Part2|ellipse|stair1    	 0.7            	 -1.0               	       1.2484	            4.39  	        89	                89	                  0	                 64	 center        	                 0.0	 -999              	 ok     	            0	 -999         	 -999.0       	               5.25 	             1	          0	             3	              0	           0	                2.4905	     3.4705	 4.2574    	 -999      	 -999      	 -999      	 -999      	 -999      	 -999      	 -999
      29	 temp   	 a      	 Part2	 sine_circle	 sine_circle	          2	 1.0               	 shape     	 staircase      	              1	 stair1                  	 Part2|sine_circle|stair1	 0.7            	 -1.0               	       6.0623	            2.9207	        89	                89	                  0	                 97	 center        	                 0.0	 -999              	 ok     	            0	 -999         	 -999.0       	               5.716	             1	          0	             2	              2	           1	                2.2261	     4.1844	 -999      	 -999      	 -999      	 -999      	 -999      	 -999      	 -999      	 -999
      30	 temp   	 a      	 Part2	 diamond    	 diamond    	          2	 0.2               	 shape     	 attention_check	              0	 n/a                     	 -999                    	 -999           	 -999               	       4.6408	            1.4992	        89	                89	                  0	                 88	 center        	                 0.0	 -999              	 ok     	            0	 -999         	 -999.0       	               5.599	             1	          0	             4	              0	           0	                1.7252	     2.6096	 3.3497    	 4.0743    	 -999      	 -999      	 -999      	 -999      	 -999      	 -999
      31	 temp   	 a      	 Part2	 diamond    	 diamond    	          2	 1.0               	 shape     	 staircase      	              1	 stair1                  	 Part2|diamond|stair1    	 0.7            	 -1.0               	       5.4104	            2.2688	        89	                89	                  0	                 74	 center        	                 0.0	 -999              	 ok     	            0	 -999         	 -999.0       	               5.416	             1	          0	             3	              1	           1	                1.9934	     3.1275	 4.6966    	 -999      	 -999      	 -999      	 -999      	 -999      	 -999      	 -999
      32	 temp   	 a      	 Part2	 ellipse    	 ellipse    	          2	 1.8               	 shape     	 staircase      	              2	 stair2                  	 Part2|ellipse|stair2    	 1.5            	 -1.8               	       4.3053	            1.1637	        89	                89	                  0	                 67	 center        	                 0.0	 -999              	 ok     	            0	 -999         	 -999.0       	               5.35 	             1	          0	             2	              1	           1	                1.8399	     3.827 	 -999      	 -999      	 -999      	 -999      	 -999      	 -999      	 -999      	 -999
      33	 temp   	 a      	 Part2	 sine_circle	 sine_circle	          2	 1.8               	 shape     	 staircase      	              2	 stair2                  	 Part2|sine_circle|stair2	 1.5            	 -1.8               	       5.7609	            2.6193	        89	                89	                  0	                 91	 center        	                 0.0	 -999              	 ok     	            0	 -999         	 -999.0       	               5.7  	             1	          0	             3	              1	           0	                2.7596	     3.2599	 4.6248    	 -999      	 -999      	 -999      	 -999      	 -999      	 -999      	 -999
      34	 temp   	 a      	 Part2	 diamond    	 diamond    	          2	 1.8               	 shape     	 staircase      	              2	 stair2                  	 Part2|diamond|stair2    	 1.5            	 -1.8               	       5.6499	            2.5083	        89	                89	                  0	                 82	 center        	                 0.0	 -999              	 ok     	            0	 -999         	 -999.0       	               5.683	             1	          0	             3	              2	           2	                2.385 	     3.3201	 4.9413    	 -999      	 -999      	 -999      	 -999      	 -999      	 -999      	 -999
      35	 temp   	 a      	 Part2	 diamond    	 diamond    	          2	 1.0               	 shape     	 staircase      	              1	 stair1                  	 Part2|diamond|stair1    	 0.7            	 -1.0               	       1.3979	            4.5395	        89	                89	                  0	                 68	 center        	                 0.0	 -999              	 ok     	            0	 -999         	 -999.0       	               5.366	             1	          0	             2	              1	           1	                2.8   	     4.553 	 -999      	 -999      	 -999      	 -999      	 -999      	 -999      	 -999      	 -999
      36	 temp   	 a      	 Part2	 sine_circle	 sine_circle	          2	 1.0               	 shape     	 staircase      	              1	 stair1                  	 Part2|sine_circle|stair1	 0.7            	 -1.0               	       4.4989	            1.3573	        89	                89	                  0	                 63	 center        	                 0.0	 -999              	 ok     	            0	 -999         	 -999.0       	               5.366	             1	          0	             3	              3	           2	                1.8619	     3.0904	 3.7328    	 -999      	 -999      	 -999      	 -999      	 -999      	 -999      	 -999
      37	 temp   	 a      	 Part2	 ellipse    	 ellipse    	          2	 1.0               	 shape     	 staircase      	              1	 stair1                  	 Part2|ellipse|stair1    	 0.7            	 -1.0               	       5.0345	            1.8929	        89	                89	                  0	                 79	 center        	                 0.0	 -999              	 ok     	            0	 -999         	 -999.0       	               5.549	             1	          0	             2	              1	           0	                2.229 	     3.5247	 -999      	 -999      	 -999      	 -999      	 -999      	 -999      	 -999      	 -999
      38	 temp   	 a      	 Part2	 diamond    	 diamond    	          2	 1.8               	 shape     	 staircase      	              2	 stair2                  	 Part2|diamond|stair2    	 1.5            	 -1.8               	       4.6075	            1.4659	        89	                89	                  0	                 97	 center        	                 0.0	 -999              	 ok     	            0	 -999         	 -999.0       	               5.833	             1	          0	             3	              0	           0	                2.22  	     3.1046	 4.5349    	 -999      	 -999      	 -999      	 -999      	 -999      	 -999      	 -999
      39	 temp   	 a      	 Part2	 ellipse    	 ellipse    	          2	 1.8               	 shape     	 staircase      	              2	 stair2                  	 Part2|ellipse|stair2    	 1.5            	 -1.8               	       0.0117	            3.1533	        89	                89	                  0	                 78	 center        	                 0.0	 -999              	 ok     	            0	 -999         	 -999.0       	               5.549	             1	          0	             3	              3	           2	                1.885 	     3.1474	 4.182     	 -999      	 -999      	 -999      	 -999      	 -999      	 -999      	 -999
      40	 temp   	 a      	 Part2	 sine_circle	 sine_circle	          2	 1.8               	 shape     	 staircase      	              2	 stair2                  	 Part2|sine_circle|stair2	 1.5            	 -1.8               	       3.9579	            0.8163	        89	                89	                  0	                 65	 center        	                 0.0	 -999              	 ok     	            0	 -999         	 -999.0       	               5.4  	             1	          0	             2	              1	           1	                2.7626	     3.7245	 -999      	 -999      	 -999      	 -999      	 -999      	 -999      	 -999      	 -999
      41	 temp   	 a      	 Part2	 sine_circle	 sine_circle	          2	 0.2               	 shape     	 attention_check	              0	 n/a                     	 -999                    	 -999           	 -999               	       1.6193	            4.7609	        89	                89	                  0	                 75	 center        	                 0.0	 -999              	 ok     	            0	 -999         	 -999.0       	               5.567	             1	          0	             2	              0	           0	                2.67  	     4.122 	 -999      	 -999      	 -999      	 -999      	 -999      	 -999      	 -999      	 -999
      42	 temp   	 a      	 Part2	 sine_circle	 sine_circle	          2	 1.0               	 shape     	 staircase      	              1	 stair1                  	 Part2|sine_circle|stair1	 0.7            	 -1.0               	       1.2364	            4.378 	        89	                89	                  0	                 75	 center        	                 0.0	 -999              	 ok     	            0	 -999         	 -999.0       	               5.532	             1	          0	             2	              1	           1	                2.8714	     3.6752	 -999      	 -999      	 -999      	 -999      	 -999      	 -999      	 -999      	 -999
      43	 temp   	 a      	 Part2	 diamond    	 diamond    	          2	 1.0               	 shape     	 staircase      	              1	 stair1                  	 Part2|diamond|stair1    	 0.7            	 -1.0               	       2.6   	            5.7416	        89	                89	                  0	                 88	 center        	                 0.0	 -999              	 ok     	            0	 -999         	 -999.0       	               5.816	             1	          0	             2	              0	           0	                2.3786	     3.8151	 -999      	 -999      	 -999      	 -999      	 -999      	 -999      	 -999      	 -999
      44	 temp   	 a      	 Part2	 ellipse    	 ellipse    	          2	 1.0               	 shape     	 staircase      	              1	 stair1                  	 Part2|ellipse|stair1    	 0.7            	 -1.0               	       1.3131	            4.4547	        89	                89	                  0	                 74	 center        	                 0.0	 -999              	 ok     	            0	 -999         	 -999.0       	               5.598	             1	          0	             3	              3	           1	                2.4298	     3.4202	 4.484     	 -999      	 -999      	 -999      	 -999      	 -999      	 -999      	 -999
      45	 temp   	 a      	 Part2	 ellipse    	 ellipse    	          2	 1.8               	 shape     	 staircase      	              2	 stair2                  	 Part2|ellipse|stair2    	 1.5            	 -1.8               	       5.8352	            2.6936	        89	                89	                  0	                 93	 center        	                 0.0	 -999              	 ok     	            0	 -999         	 -999.0       	               5.816	             1	          0	             2	              0	           0	                2.932 	     4.3206	 -999      	 -999      	 -999      	 -999      	 -999      	 -999      	 -999      	 -999
      46	 temp   	 a      	 Part2	 sine_circle	 sine_circle	          2	 1.8               	 shape     	 staircase      	              2	 stair2                  	 Part2|sine_circle|stair2	 1.5            	 -1.8               	       4.0272	            0.8856	        89	                89	                  0	                 85	 center        	                 0.0	 -999              	 ok     	            0	 -999         	 -999.0       	               5.799	             1	          0	             3	              2	           2	                1.714 	     3.4571	 4.6432    	 -999      	 -999      	 -999      	 -999      	 -999      	 -999      	 -999
      47	 temp   	 a      	 Part2	 diamond    	 diamond    	          2	 1.8               	 shape     	 staircase      	              2	 stair2                  	 Part2|diamond|stair2    	 1.5            	 -1.8               	       3.3495	            0.208 	        89	                89	                  0	                 71	 center        	                 0.0	 -999              	 ok     	            0	 -999         	 -999.0       	               5.633	             1	          0	             2	              0	           0	                2.6102	     3.8776	 -999      	 -999      	 -999      	 -999      	 -999      	 -999      	 -999      	 -999
      48	 temp   	 a      	 Part2	 sine_circle	 sine_circle	          2	 1.3               	 shape     	 staircase      	              1	 stair1                  	 Part2|sine_circle|stair1	 0.7            	 -1.3               	       6.0915	            2.9499	        89	                89	                  0	                 76	 center        	                 0.0	 -999              	 ok     	            0	 -999         	 -999.0       	               5.6  	             1	          0	             2	              0	           0	                2.9919	     4.1574	 -999      	 -999      	 -999      	 -999      	 -999      	 -999      	 -999      	 -999
      49	 temp   	 a      	 Part2	 diamond    	 diamond    	          2	 1.3               	 shape     	 staircase      	              1	 stair1                  	 Part2|diamond|stair1    	 0.7            	 -1.3               	       0.1568	            3.2984	        89	                89	                  0	                 67	 center        	                 0.0	 -999              	 ok     	            0	 -999         	 -999.0       	               5.482	             1	          0	             2	              0	           0	                3.0341	     4.8472	 -999      	 -999      	 -999      	 -999      	 -999      	 -999      	 -999      	 -999
      50	 temp   	 a      	 Part2	 ellipse    	 ellipse    	          2	 1.3               	 shape     	 staircase      	              1	 stair1                  	 Part2|ellipse|stair1    	 0.7            	 -1.3               	       1.5098	            4.6513	        89	                89	                  0	                 96	 center        	                 0.0	 -999              	 ok     	            0	 -999         	 -999.0       	               5.9  	             1	          0	             3	              1	           1	                2.6756	     3.4164	 4.2896    	 -999      	 -999      	 -999      	 -999      	 -999      	 -999      	 -999
      51	 temp   	 a      	 Part2	 sine_circle	 sine_circle	          2	 2.1               	 shape     	 staircase      	              2	 stair2                  	 Part2|sine_circle|stair2	 1.5            	 -2.1               	       4.7956	            1.654 	        89	                89	                  0	                 76	 center        	                 0.0	 -999              	 ok     	            0	 -999         	 -999.0       	               5.666	             1	          0	             2	              2	           1	                1.7989	     3.697 	 -999      	 -999      	 -999      	 -999      	 -999      	 -999      	 -999      	 -999
      52	 temp   	 a      	 Part2	 sine_circle	 sine_circle	          2	 0.2               	 shape     	 attention_check	              0	 n/a                     	 -999                    	 -999           	 -999               	       4.6648	            1.5233	        89	                89	                  0	                 82	 center        	                 0.0	 -999              	 ok     	            0	 -999         	 -999.0       	               5.766	             1	          0	             3	              1	           0	                2.0015	     3.142 	 4.667     	 -999      	 -999      	 -999      	 -999      	 -999      	 -999      	 -999
      53	 temp   	 a      	 Part2	 ellipse    	 ellipse    	          2	 2.1               	 shape     	 staircase      	              2	 stair2                  	 Part2|ellipse|stair2    	 1.5            	 -2.1               	       5.5512	            2.4096	        89	                89	                  0	                 92	 center        	                 0.0	 -999              	 ok     	            0	 -999         	 -999.0       	               5.898	             1	          0	             2	              0	           0	                2.8698	     4.2476	 -999      	 -999      	 -999      	 -999      	 -999      	 -999      	 -999      	 -999
      54	 temp   	 a      	 Part2	 diamond    	 diamond    	          2	 2.1               	 shape     	 staircase      	              2	 stair2                  	 Part2|diamond|stair2    	 1.5            	 -2.1               	       4.0875	            0.9459	        89	                89	                  0	                 71	 center        	                 0.0	 -999              	 ok     	            0	 -999         	 -999.0       	               5.649	             1	          0	             2	              2	           2	                2.8492	     3.5029	 -999      	 -999      	 -999      	 -999      	 -999      	 -999      	 -999      	 -999
      55	 temp   	 a      	 Part2	 ellipse    	 ellipse    	          2	 1.3               	 shape     	 staircase      	              1	 stair1                  	 Part2|ellipse|stair1    	 0.7            	 -1.3               	       0.9044	            4.046 	        89	                89	                  0	                 72	 center        	                 0.0	 -999              	 ok     	            0	 -999         	 -999.0       	               5.685	             1	          0	             2	              0	           0	                2.9592	     3.8092	 -999      	 -999      	 -999      	 -999      	 -999      	 -999      	 -999      	 -999
      56	 temp   	 a      	 Part2	 sine_circle	 sine_circle	          2	 1.3               	 shape     	 staircase      	              1	 stair1                  	 Part2|sine_circle|stair1	 0.7            	 -1.3               	       6.0708	            2.9292	        89	                89	                  0	                 82	 center        	                 0.0	 -999              	 ok     	            0	 -999         	 -999.0       	               5.814	             1	          0	             2	              3	           2	                1.7875	     3.7767	 -999      	 -999      	 -999      	 -999      	 -999      	 -999      	 -999      	 -999
      57	 temp   	 a      	 Part2	 diamond    	 diamond    	          2	 1.3               	 shape     	 staircase      	              1	 stair1                  	 Part2|diamond|stair1    	 0.7            	 -1.3               	       4.2225	            1.0809	        89	                89	                  0	                 90	 center        	                 0.0	 -999              	 ok     	            0	 -999         	 -999.0       	               5.9  	             1	          0	             3	              1	           1	                1.7054	     2.5532	 3.9691    	 -999      	 -999      	 -999      	 -999      	 -999      	 -999      	 -999
      58	 temp   	 a      	 Part2	 diamond    	 diamond    	          2	 2.1               	 shape     	 staircase      	              2	 stair2                  	 Part2|diamond|stair2    	 1.5            	 -2.1               	       3.4036	            0.262 	        89	                89	                  0	                 79	 center        	                 0.0	 -999              	 ok     	            0	 -999         	 -999.0       	               5.783	             1	          0	             3	              3	           3	                2.6929	     3.4547	 4.5644    	 -999      	 -999      	 -999      	 -999      	 -999      	 -999      	 -999
      59	 temp   	 a      	 Part2	 ellipse    	 ellipse    	          2	 2.1               	 shape     	 staircase      	              2	 stair2                  	 Part2|ellipse|stair2    	 1.5            	 -2.1               	       0.2109	            3.3525	        89	                89	                  0	                 67	 center        	                 0.0	 -999              	 ok     	            0	 -999         	 -999.0       	               5.749	             1	          0	             2	              1	           0	                2.4049	     3.5553	 -999      	 -999      	 -999      	 -999      	 -999      	 -999      	 -999      	 -999
      60	 temp   	 a      	 Part2	 sine_circle	 sine_circle	          2	 2.1               	 shape     	 staircase      	              2	 stair2                  	 Part2|sine_circle|stair2	 1.5            	 -2.1               	       5.6453	            2.5037	        89	                89	                  0	                 82	 center        	                 0.0	 -999              	 ok     	            0	 -999         	 -999.0       	               5.833	             1	          0	             2	              0	           0	                3.1444	     4.9952	 -999      	 -999      	 -999      	 -999      	 -999      	 -999      	 -999      	 -999
      61	 temp   	 a      	 Part2	 diamond    	 diamond    	          2	 1.3               	 shape     	 staircase      	              1	 stair1                  	 Part2|diamond|stair1    	 0.7            	 -1.3               	       5.8267	            2.6851	        89	                89	                  0	                 71	 center        	                 0.0	 -999              	 ok     	            0	 -999         	 -999.0       	               5.666	             1	          0	             2	              1	           1	                1.9273	     3.7555	 -999      	 -999      	 -999      	 -999      	 -999      	 -999      	 -999      	 -999
      62	 temp   	 a      	 Part2	 sine_circle	 sine_circle	          2	 1.3               	 shape     	 staircase      	              1	 stair1                  	 Part2|sine_circle|stair1	 0.7            	 -1.3               	       0.9983	            4.1399	        89	                89	                  0	                 75	 center        	                 0.0	 -999              	 ok     	            0	 -999         	 -999.0       	               5.75 	             1	          0	             2	              0	           0	                2.6563	     4.5018	 -999      	 -999      	 -999      	 -999      	 -999      	 -999      	 -999      	 -999
      63	 temp   	 a      	 Part2	 diamond    	 diamond    	          2	 0.2               	 shape     	 attention_check	              0	 n/a                     	 -999                    	 -999           	 -999               	       6.0815	            2.9399	        89	                89	                  0	                 71	 center        	                 0.0	 -999              	 ok     	            0	 -999         	 -999.0       	               5.933	             1	          0	             3	              3	           3	                2.1549	     2.9171	 4.0208    	 -999      	 -999      	 -999      	 -999      	 -999      	 -999      	 -999
      64	 temp   	 a      	 Part2	 ellipse    	 ellipse    	          2	 1.3               	 shape     	 staircase      	              1	 stair1                  	 Part2|ellipse|stair1    	 0.7            	 -1.3               	       2.5795	            5.721 	        89	                89	                  0	                 77	 center        	                 0.0	 -999              	 ok     	            0	 -999         	 -999.0       	               5.866	             1	          0	             2	              1	           1	                2.5339	     3.951 	 -999      	 -999      	 -999      	 -999      	 -999      	 -999      	 -999      	 -999
      65	 temp   	 a      	 Part2	 sine_circle	 sine_circle	          2	 2.1               	 shape     	 staircase      	              2	 stair2                  	 Part2|sine_circle|stair2	 1.5            	 -2.1               	       1.0675	            4.2091	        89	                89	                  0	                 74	 center        	                 0.0	 -999              	 ok     	            0	 -999         	 -999.0       	               5.765	             1	          0	             3	              0	           0	                1.7858	     2.4293	 3.6832    	 -999      	 -999      	 -999      	 -999      	 -999      	 -999      	 -999
      66	 temp   	 a      	 Part2	 diamond    	 diamond    	          2	 2.1               	 shape     	 staircase      	              2	 stair2                  	 Part2|diamond|stair2    	 1.5            	 -2.1               	       4.5376	            1.396 	        89	                89	                  0	                 66	 center        	                 0.0	 -999              	 ok     	            0	 -999         	 -999.0       	               5.717	             1	          0	             2	              1	           1	                3.115 	     4.0765	 -999      	 -999      	 -999      	 -999      	 -999      	 -999      	 -999      	 -999
      67	 temp   	 a      	 Part2	 ellipse    	 ellipse    	          2	 2.1               	 shape     	 staircase      	              2	 stair2                  	 Part2|ellipse|stair2    	 1.5            	 -2.1               	       1.4949	            4.6365	        89	                89	                  0	                 82	 center        	                 0.0	 -999              	 ok     	            0	 -999         	 -999.0       	               5.883	             1	          0	             2	              0	           0	                3.1812	     4.3015	 -999      	 -999      	 -999      	 -999      	 -999      	 -999      	 -999      	 -999
      68	 temp   	 a      	 Part2	 diamond    	 diamond    	          2	 1.6               	 shape     	 staircase      	              1	 stair1                  	 Part2|diamond|stair1    	 0.7            	 -1.6               	       1.8344	            4.976 	        89	                89	                  0	                 64	 center        	                 0.0	 -999              	 ok     	            0	 -999         	 -999.0       	               5.65 	             1	          0	             3	              0	           0	                2.0395	     3.0924	 4.74      	 -999      	 -999      	 -999      	 -999      	 -999      	 -999      	 -999
      69	 temp   	 a      	 Part2	 sine_circle	 sine_circle	          2	 1.6               	 shape     	 staircase      	              1	 stair1                  	 Part2|sine_circle|stair1	 0.7            	 -1.6               	       2.0288	            5.1704	        89	                89	                  0	                 82	 center        	                 0.0	 -999              	 ok     	            0	 -999         	 -999.0       	               5.999	             1	          0	             2	              5	           5	                2.8479	     3.7608	 -999      	 -999      	 -999      	 -999      	 -999      	 -999      	 -999      	 -999
      70	 temp   	 a      	 Part2	 ellipse    	 ellipse    	          2	 1.6               	 shape     	 staircase      	              1	 stair1                  	 Part2|ellipse|stair1    	 0.7            	 -1.6               	       4.5751	            1.4335	        89	                89	                  0	                 93	 center        	                 0.0	 -999              	 ok     	            0	 -999         	 -999.0       	               6.199	             1	          0	             2	              0	           0	                2.2421	     4.1118	 -999      	 -999      	 -999      	 -999      	 -999      	 -999      	 -999      	 -999
      71	 temp   	 a      	 Part2	 ellipse    	 ellipse    	          2	 2.4               	 shape     	 staircase      	              2	 stair2                  	 Part2|ellipse|stair2    	 1.5            	 -2.4               	       3.6286	            0.487 	        89	                89	                  0	                 84	 center        	                 0.0	 -999              	 ok     	            0	 -999         	 -999.0       	               5.983	             1	          0	             2	              0	           0	                2.4261	     4.1128	 -999      	 -999      	 -999      	 -999      	 -999      	 -999      	 -999      	 -999
      72	 temp   	 a      	 Part2	 diamond    	 diamond    	          2	 2.4               	 shape     	 staircase      	              2	 stair2                  	 Part2|diamond|stair2    	 1.5            	 -2.4               	       4.3264	            1.1848	        89	                89	                  0	                 80	 center        	                 0.0	 -999              	 ok     	            0	 -999         	 -999.0       	               5.95 	             1	          0	             2	              1	           0	                3.0526	     4.1628	 -999      	 -999      	 -999      	 -999      	 -999      	 -999      	 -999      	 -999
      73	 temp   	 a      	 Part2	 sine_circle	 sine_circle	          2	 2.4               	 shape     	 staircase      	              2	 stair2                  	 Part2|sine_circle|stair2	 1.5            	 -2.4               	       1.9671	            5.1087	        89	                89	                  0	                 82	 center        	                 0.0	 -999              	 ok     	            0	 -999         	 -999.0       	               5.949	             1	          0	             2	              0	           0	                3.08  	     4.3798	 -999      	 -999      	 -999      	 -999      	 -999      	 -999      	 -999      	 -999
      74	 temp   	 a      	 Part2	 sine_circle	 sine_circle	          2	 0.2               	 shape     	 attention_check	              0	 n/a                     	 -999                    	 -999           	 -999               	       3.8   	            0.6585	        89	                89	                  0	                 88	 center        	                 0.0	 -999              	 ok     	            0	 -999         	 -999.0       	               6.133	             1	          0	             2	              3	           3	                2.9766	     4.6507	 -999      	 -999      	 -999      	 -999      	 -999      	 -999      	 -999      	 -999
      75	 temp   	 a      	 Part2	 sine_circle	 sine_circle	          2	 1.6               	 shape     	 staircase      	              1	 stair1                  	 Part2|sine_circle|stair1	 0.7            	 -1.6               	       4.0135	            0.8719	        89	                89	                  0	                 95	 center        	                 0.0	 -999              	 ok     	            0	 -999         	 -999.0       	               6.183	             1	          0	             3	              3	           1	                2.1885	     3.2061	 3.7729    	 -999      	 -999      	 -999      	 -999      	 -999      	 -999      	 -999
      76	 temp   	 a      	 Part2	 diamond    	 diamond    	          2	 1.6               	 shape     	 staircase      	              1	 stair1                  	 Part2|diamond|stair1    	 0.7            	 -1.6               	       4.26  	            1.1184	        89	                89	                  0	                 84	 center        	                 0.0	 -999              	 ok     	            0	 -999         	 -999.0       	               6.3  	             1	          0	             2	              4	           3	                3.1479	     4.6889	 -999      	 -999      	 -999      	 -999      	 -999      	 -999      	 -999      	 -999
      77	 temp   	 a      	 Part2	 ellipse    	 ellipse    	          2	 1.6               	 shape     	 staircase      	              1	 stair1                  	 Part2|ellipse|stair1    	 0.7            	 -1.6               	       1.624 	            4.7656	        89	                89	                  0	                 94	 center        	                 0.0	 -999              	 ok     	            0	 -999         	 -999.0       	               6.15 	             1	          0	             2	              0	           0	                2.9301	     4.8102	 -999      	 -999      	 -999      	 -999      	 -999      	 -999      	 -999      	 -999
      78	 temp   	 a      	 Part2	 diamond    	 diamond    	          2	 2.4               	 shape     	 staircase      	              2	 stair2                  	 Part2|diamond|stair2    	 1.5            	 -2.4               	       2.1555	            5.297 	        89	                89	                  0	                 73	 center        	                 0.0	 -999              	 ok     	            0	 -999         	 -999.0       	               5.966	             1	          0	             2	              3	           3	                2.0665	     3.5525	 -999      	 -999      	 -999      	 -999      	 -999      	 -999      	 -999      	 -999
      79	 temp   	 a      	 Part2	 sine_circle	 sine_circle	          2	 2.4               	 shape     	 staircase      	              2	 stair2                  	 Part2|sine_circle|stair2	 1.5            	 -2.4               	       2.4472	            5.5888	        89	                89	                  0	                 77	 center        	                 0.0	 -999              	 ok     	            0	 -999         	 -999.0       	               5.983	             1	          0	             3	              3	           1	                2.1605	     2.8155	 4.3327    	 -999      	 -999      	 -999      	 -999      	 -999      	 -999      	 -999
      80	 temp   	 a      	 Part2	 ellipse    	 ellipse    	          2	 2.4               	 shape     	 staircase      	              2	 stair2                  	 Part2|ellipse|stair2    	 1.5            	 -2.4               	       2.9483	            6.0899	        89	                89	                  0	                 94	 center        	                 0.0	 -999              	 ok     	            0	 -999         	 -999.0       	               6.35 	             1	          0	             3	              0	           0	                2.1715	     3.1011	 3.6256    	 -999      	 -999      	 -999      	 -999      	 -999      	 -999      	 -999
      81	 temp   	 a      	 Part2	 sine_circle	 sine_circle	          2	 1.6               	 shape     	 staircase      	              1	 stair1                  	 Part2|sine_circle|stair1	 0.7            	 -1.6               	       6.1229	            2.9813	        89	                89	                  0	                 89	 center        	                 0.0	 -999              	 ok     	            0	 -999         	 -999.0       	               6.149	             1	          0	             2	              1	           1	                2.6642	     3.7883	 -999      	 -999      	 -999      	 -999      	 -999      	 -999      	 -999      	 -999
      82	 temp   	 a      	 Part2	 diamond    	 diamond    	          2	 1.6               	 shape     	 staircase      	              1	 stair1                  	 Part2|diamond|stair1    	 0.7            	 -1.6               	       1.3405	            4.4821	        89	                89	                  0	                 94	 center        	                 0.0	 -999              	 ok     	            0	 -999         	 -999.0       	               6.233	             1	          0	             2	              0	           0	                3.0533	     3.9698	 -999      	 -999      	 -999      	 -999      	 -999      	 -999      	 -999      	 -999
      83	 temp   	 a      	 Part2	 ellipse    	 ellipse    	          2	 1.6               	 shape     	 staircase      	              1	 stair1                  	 Part2|ellipse|stair1    	 0.7            	 -1.6               	       6.0168	            2.8752	        89	                89	                  0	                 72	 center        	                 0.0	 -999              	 ok     	            0	 -999         	 -999.0       	               5.95 	             1	          0	             2	              0	           0	                2.6977	     3.8045	 -999      	 -999      	 -999      	 -999      	 -999      	 -999      	 -999      	 -999
      84	 temp   	 a      	 Part2	 diamond    	 diamond    	          2	 2.4               	 shape     	 staircase      	              2	 stair2                  	 Part2|diamond|stair2    	 1.5            	 -2.4               	       5.5495	            2.4079	        89	                89	                  0	                 81	 center        	                 0.0	 -999              	 ok     	            0	 -999         	 -999.0       	               6.133	             1	          0	             3	              0	           0	                2.2633	     3.2617	 3.7622    	 -999      	 -999      	 -999      	 -999      	 -999      	 -999      	 -999
      85	 temp   	 a      	 Part2	 ellipse    	 ellipse    	          2	 0.2               	 shape     	 attention_check	              0	 n/a                     	 -999                    	 -999           	 -999               	       0.8382	            3.9798	        89	                89	                  0	                 68	 center        	                 0.0	 -999              	 ok     	            0	 -999         	 -999.0       	               5.916	             1	          0	             2	              0	           0	                3.1254	     4.8736	 -999      	 -999      	 -999      	 -999      	 -999      	 -999      	 -999      	 -999
      86	 temp   	 a      	 Part2	 ellipse    	 ellipse    	          2	 2.4               	 shape     	 staircase      	              2	 stair2                  	 Part2|ellipse|stair2    	 1.5            	 -2.4               	       2.581 	            5.7226	        89	                89	                  0	                 89	 center        	                 0.0	 -999              	 ok     	            0	 -999         	 -999.0       	               6.217	             1	          0	             2	              2	           2	                3.1578	     4.6085	 -999      	 -999      	 -999      	 -999      	 -999      	 -999      	 -999      	 -999
      87	 temp   	 a      	 Part2	 sine_circle	 sine_circle	          2	 2.4               	 shape     	 staircase      	              2	 stair2                  	 Part2|sine_circle|stair2	 1.5            	 -2.4               	       1.2036	            4.3452	        89	                89	                  0	                 92	 center        	                 0.0	 -999              	 ok     	            0	 -999         	 -999.0       	               6.333	             1	          0	             2	              1	           1	                2.925 	     4.8146	 -999      	 -999      	 -999      	 -999      	 -999      	 -999      	 -999      	 -999
      88	 temp   	 a      	 Part2	 ellipse    	 ellipse    	          2	 1.9000000000000001	 shape     	 staircase      	              1	 stair1                  	 Part2|ellipse|stair1    	 0.7            	 -1.9000000000000001	       4.17  	            1.0284	        89	                89	                  0	                 91	 center        	                 0.0	 -999              	 ok     	            0	 -999         	 -999.0       	               6.233	             1	          0	             2	              0	           0	                2.3013	     4.2926	 -999      	 -999      	 -999      	 -999      	 -999      	 -999      	 -999      	 -999
      89	 temp   	 a      	 Part2	 sine_circle	 sine_circle	          2	 1.9000000000000001	 shape     	 staircase      	              1	 stair1                  	 Part2|sine_circle|stair1	 0.7            	 -1.9000000000000001	       2.7891	            5.9307	        89	                89	                  0	                 64	 center        	                 0.0	 -999              	 ok     	            0	 -999         	 -999.0       	               6.032	             1	          0	             2	              2	           1	                3.1879	     3.885 	 -999      	 -999      	 -999      	 -999      	 -999      	 -999      	 -999      	 -999
      90	 temp   	 a      	 Part2	 diamond    	 diamond    	          2	 1.9000000000000001	 shape     	 staircase      	              1	 stair1                  	 Part2|diamond|stair1    	 0.7            	 -1.9000000000000001	       2.677 	            5.8186	        89	                89	                  0	                 76	 center        	                 0.0	 -999              	 ok     	            0	 -999         	 -999.0       	               6.05 	             1	          0	             2	              0	           0	                2.7749	     3.5131	 -999      	 -999      	 -999      	 -999      	 -999      	 -999      	 -999      	 -999
      91	 temp   	 a      	 Part2	 ellipse    	 ellipse    	          2	 2.5               	 shape     	 staircase      	              2	 stair2                  	 Part2|ellipse|stair2    	 1.5            	 -2.5               	       0.3429	            3.4845	        89	                89	                  0	                 76	 center        	                 0.0	 -999              	 ok     	            0	 -999         	 -999.0       	               6.033	             1	          0	             2	              0	           0	                2.8364	     4.1913	 -999      	 -999      	 -999      	 -999      	 -999      	 -999      	 -999      	 -999
      92	 temp   	 a      	 Part2	 diamond    	 diamond    	          2	 2.5               	 shape     	 staircase      	              2	 stair2                  	 Part2|diamond|stair2    	 1.5            	 -2.5               	       3.1621	            0.0205	        89	                89	                  0	                 87	 center        	                 0.0	 -999              	 ok     	            0	 -999         	 -999.0       	               6.433	             1	          0	             2	              3	           3	                2.5096	     3.9662	 -999      	 -999      	 -999      	 -999      	 -999      	 -999      	 -999      	 -999
      93	 temp   	 a      	 Part2	 sine_circle	 sine_circle	          2	 2.5               	 shape     	 staircase      	              2	 stair2                  	 Part2|sine_circle|stair2	 1.5            	 -2.5               	       3.6212	            0.4796	        89	                89	                  0	                 62	 center        	                 0.0	 -999              	 ok     	            0	 -999         	 -999.0       	               5.932	             1	          0	             2	              2	           1	                2.3291	     4.1644	 -999      	 -999      	 -999      	 -999      	 -999      	 -999      	 -999      	 -999
      94	 temp   	 a      	 Part2	 ellipse    	 ellipse    	          2	 1.9000000000000001	 shape     	 staircase      	              1	 stair1                  	 Part2|ellipse|stair1    	 0.7            	 -1.9000000000000001	       2.4234	            5.565 	        89	                89	                  0	                 63	 center        	                 0.0	 -999              	 ok     	            0	 -999         	 -999.0       	               6.049	             1	          0	             2	              4	           4	                2.934 	     4.9206	 -999      	 -999      	 -999      	 -999      	 -999      	 -999      	 -999      	 -999
      95	 temp   	 a      	 Part2	 diamond    	 diamond    	          2	 1.9000000000000001	 shape     	 staircase      	              1	 stair1                  	 Part2|diamond|stair1    	 0.7            	 -1.9000000000000001	       2.2134	            5.355 	        89	                89	                  0	                 60	 center        	                 0.0	 -999              	 ok     	            0	 -999         	 -999.0       	               5.9  	             1	          0	             3	              0	           0	                2.6559	     3.2272	 4.7424    	 -999      	 -999      	 -999      	 -999      	 -999      	 -999      	 -999
      96	 temp   	 a      	 Part2	 diamond    	 diamond    	          2	 0.2               	 shape     	 attention_check	              0	 n/a                     	 -999                    	 -999           	 -999               	       5.1511	            2.0095	        89	                89	                  0	                 70	 center        	                 0.0	 -999              	 ok     	            0	 -999         	 -999.0       	               6.049	             1	          0	             2	              1	           1	                3.0826	     4.34  	 -999      	 -999      	 -999      	 -999      	 -999      	 -999      	 -999      	 -999
      97	 temp   	 a      	 Part2	 sine_circle	 sine_circle	          2	 1.9000000000000001	 shape     	 staircase      	              1	 stair1                  	 Part2|sine_circle|stair1	 0.7            	 -1.9000000000000001	       1.9656	            5.1071	        89	                89	                  0	                 74	 center        	                 0.0	 -999              	 ok     	            0	 -999         	 -999.0       	               6.383	             1	          0	             2	              0	           0	                1.7101	     3.6343	 -999      	 -999      	 -999      	 -999      	 -999      	 -999      	 -999      	 -999
      98	 temp   	 a      	 Part2	 diamond    	 diamond    	          2	 2.5               	 shape     	 staircase      	              2	 stair2                  	 Part2|diamond|stair2    	 1.5            	 -2.5               	       2.3332	            5.4748	        89	                89	                  0	                 79	 center        	                 0.0	 -999              	 ok     	            0	 -999         	 -999.0       	               6.199	             1	          0	             2	              0	           0	                2.6439	     3.5943	 -999      	 -999      	 -999      	 -999      	 -999      	 -999      	 -999      	 -999
      99	 temp   	 a      	 Part2	 sine_circle	 sine_circle	          2	 2.5               	 shape     	 staircase      	              2	 stair2                  	 Part2|sine_circle|stair2	 1.5            	 -2.5               	       4.7364	            1.5948	        89	                89	                  0	                 72	 center        	                 0.0	 -999              	 ok     	            0	 -999         	 -999.0       	               6.116	             1	          0	             2	              0	           0	                2.7675	     4.6152	 -999      	 -999      	 -999      	 -999      	 -999      	 -999      	 -999      	 -999
     100	 temp   	 a      	 Part2	 ellipse    	 ellipse    	          2	 2.5               	 shape     	 staircase      	              2	 stair2                  	 Part2|ellipse|stair2    	 1.5            	 -2.5               	       0.6714	            3.813 	        89	                89	                  0	                 63	 center        	                 0.0	 -999              	 ok     	            0	 -999         	 -999.0       	               5.966	             1	          0	             3	              0	           0	                2.6686	     3.2295	 4.5427    	 -999      	 -999      	 -999      	 -999      	 -999      	 -999      	 -999
     101	 temp   	 a      	 Part2	 diamond    	 diamond    	          2	 1.9000000000000001	 shape     	 staircase      	              1	 stair1                  	 Part2|diamond|stair1    	 0.7            	 -1.9000000000000001	       3.3219	            0.1803	        89	                89	                  0	                 72	 center        	                 0.0	 -999              	 ok     	            0	 -999         	 -999.0       	               6.132	             1	          0	             3	              0	           0	                2.5577	     3.1286	 5.019     	 -999      	 -999      	 -999      	 -999      	 -999      	 -999      	 -999
     102	 temp   	 a      	 Part2	 ellipse    	 ellipse    	          2	 1.9000000000000001	 shape     	 staircase      	              1	 stair1                  	 Part2|ellipse|stair1    	 0.7            	 -1.9000000000000001	       2.9231	            6.0647	        89	                89	                  0	                 72	 center        	                 0.0	 -999              	 ok     	            0	 -999         	 -999.0       	               6.116	             1	          0	             2	              0	           0	                2.9466	     3.9814	 -999      	 -999      	 -999      	 -999      	 -999      	 -999      	 -999      	 -999
     103	 temp   	 a      	 Part2	 sine_circle	 sine_circle	          2	 1.9000000000000001	 shape     	 staircase      	              1	 stair1                  	 Part2|sine_circle|stair1	 0.7            	 -1.9000000000000001	       3.0093	            6.1508	        89	                89	                  0	                 61	 center        	                 0.0	 -999              	 ok     	            0	 -999         	 -999.0       	               6.066	             1	          0	             2	              0	           0	                2.7162	     3.4804	 -999      	 -999      	 -999      	 -999      	 -999      	 -999      	 -999      	 -999
     104	 temp   	 a      	 Part2	 ellipse    	 ellipse    	          2	 2.5               	 shape     	 staircase      	              2	 stair2                  	 Part2|ellipse|stair2    	 1.5            	 -2.5               	       5.5749	            2.4333	        89	                89	                  0	                 60	 center        	                 0.0	 -999              	 ok     	            0	 -999         	 -999.0       	               6.082	             1	          0	             3	              3	           3	                1.8221	     2.959 	 4.451     	 -999      	 -999      	 -999      	 -999      	 -999      	 -999      	 -999
     105	 temp   	 a      	 Part2	 sine_circle	 sine_circle	          2	 2.5               	 shape     	 staircase      	              2	 stair2                  	 Part2|sine_circle|stair2	 1.5            	 -2.5               	       2.5275	            5.6691	        89	                89	                  0	                 71	 center        	                 0.0	 -999              	 ok     	            0	 -999         	 -999.0       	               6.366	             1	          0	             4	              1	           1	                2.174 	     2.7994	 3.355     	 4.3839    	 -999      	 -999      	 -999      	 -999      	 -999      	 -999
     106	 temp   	 a      	 Part2	 diamond    	 diamond    	          2	 2.5               	 shape     	 staircase      	              2	 stair2                  	 Part2|diamond|stair2    	 1.5            	 -2.5               	       6.0761	            2.9345	        89	                89	                  0	                 90	 center        	                 0.0	 -999              	 ok     	            0	 -999         	 -999.0       	               6.499	             1	          0	             2	              0	           0	                2.2664	     4.0676	 -999      	 -999      	 -999      	 -999      	 -999      	 -999      	 -999      	 -999
     107	 temp   	 a      	 Part2	 diamond    	 diamond    	          2	 0.2               	 shape     	 attention_check	              0	 n/a                     	 -999                    	 -999           	 -999               	       2.2856	            5.4272	        89	                89	                  0	                 60	 center        	                 0.0	 -999              	 ok     	            0	 -999         	 -999.0       	               6.037	             1	          0	             2	              0	           0	                2.1759	     4.1007	 -999      	 -999      	 -999      	 -999      	 -999      	 -999      	 -999      	 -999
     108	 temp   	 a      	 Part2	 ellipse    	 ellipse    	          2	 2.2               	 shape     	 staircase      	              1	 stair1                  	 Part2|ellipse|stair1    	 0.7            	 -2.2               	       4.6178	            1.4762	        89	                89	                  0	                 88	 center        	                 0.0	 -999              	 ok     	            0	 -999         	 -999.0       	               6.462	             1	          0	             2	              3	           2	                2.6383	     4.5091	 -999      	 -999      	 -999      	 -999      	 -999      	 -999      	 -999      	 -999
     109	 temp   	 a      	 Part2	 sine_circle	 sine_circle	          2	 2.2               	 shape     	 staircase      	              1	 stair1                  	 Part2|sine_circle|stair1	 0.7            	 -2.2               	       0.0343	            3.1759	        89	                89	                  0	                 84	 center        	                 0.0	 -999              	 ok     	            0	 -999         	 -999.0       	               6.36 	             1	          0	             3	              1	           1	                2.5309	     3.4508	 4.6227    	 -999      	 -999      	 -999      	 -999      	 -999      	 -999      	 -999
     110	 temp   	 a      	 Part2	 diamond    	 diamond    	          2	 2.2               	 shape     	 staircase      	              1	 stair1                  	 Part2|diamond|stair1    	 0.7            	 -2.2               	       3.5746	            0.433 	        89	                89	                  0	                 64	 center        	                 0.0	 -999              	 ok     	            0	 -999         	 -999.0       	               6.1  	             1	          0	             2	              0	           0	                1.9128	     3.9023	 -999      	 -999      	 -999      	 -999      	 -999      	 -999      	 -999      	 -999
     111	 temp   	 a      	 Part2	 diamond    	 diamond    	          2	 2.5               	 shape     	 staircase      	              2	 stair2                  	 Part2|diamond|stair2    	 1.5            	 -2.5               	       4.6605	            1.5189	        89	                89	                  0	                 88	 center        	                 0.0	 -999              	 ok     	            0	 -999         	 -999.0       	               6.467	             1	          0	             3	              2	           2	                2.2056	     2.897 	 3.7979    	 -999      	 -999      	 -999      	 -999      	 -999      	 -999      	 -999
     112	 temp   	 a      	 Part2	 sine_circle	 sine_circle	          2	 2.5               	 shape     	 staircase      	              2	 stair2                  	 Part2|sine_circle|stair2	 1.5            	 -2.5               	       1.5517	            4.6933	        89	                89	                  0	                 62	 center        	                 0.0	 -999              	 ok     	            0	 -999         	 -999.0       	               6.132	             1	          0	             2	              2	           2	                2.41  	     4.3005	 -999      	 -999      	 -999      	 -999      	 -999      	 -999      	 -999      	 -999
     113	 temp   	 a      	 Part2	 ellipse    	 ellipse    	          2	 2.5               	 shape     	 staircase      	              2	 stair2                  	 Part2|ellipse|stair2    	 1.5            	 -2.5               	       3.8769	            0.7353	        89	                89	                  0	                 77	 center        	                 0.0	 -999              	 ok     	            0	 -999         	 -999.0       	               6.45 	             1	          0	             2	              1	           1	                2.7385	     4.0947	 -999      	 -999      	 -999      	 -999      	 -999      	 -999      	 -999      	 -999
     114	 temp   	 a      	 Part2	 diamond    	 diamond    	          2	 2.2               	 shape     	 staircase      	              1	 stair1                  	 Part2|diamond|stair1    	 0.7            	 -2.2               	       3.6453	            0.5037	        89	                89	                  0	                 77	 center        	                 0.0	 -999              	 ok     	            0	 -999         	 -999.0       	               6.316	             1	          0	             2	              0	           0	                2.0253	     3.9165	 -999      	 -999      	 -999      	 -999      	 -999      	 -999      	 -999      	 -999
     115	 temp   	 a      	 Part2	 ellipse    	 ellipse    	          2	 2.2               	 shape     	 staircase      	              1	 stair1                  	 Part2|ellipse|stair1    	 0.7            	 -2.2               	       0.2924	            3.434 	        89	                89	                  0	                 63	 center        	                 0.0	 -999              	 ok     	            0	 -999         	 -999.0       	               6.15 	             1	          0	             2	              0	           0	                3.0094	     4.1768	 -999      	 -999      	 -999      	 -999      	 -999      	 -999      	 -999      	 -999
     116	 temp   	 a      	 Part2	 sine_circle	 sine_circle	          2	 2.2               	 shape     	 staircase      	              1	 stair1                  	 Part2|sine_circle|stair1	 0.7            	 -2.2               	       3.8751	            0.7335	        89	                89	                  0	                 87	 center        	                 0.0	 -999              	 ok     	            0	 -999         	 -999.0       	               6.466	             1	          0	             2	              1	           1	                2.7792	     3.6356	 -999      	 -999      	 -999      	 -999      	 -999      	 -999      	 -999      	 -999
     117	 temp   	 a      	 Part2	 ellipse    	 ellipse    	          2	 2.5               	 shape     	 staircase      	              2	 stair2                  	 Part2|ellipse|stair2    	 1.5            	 -2.5               	       0.6849	            3.8265	        89	                89	                  0	                 65	 center        	                 0.0	 -999              	 ok     	            0	 -999         	 -999.0       	               6.266	             1	          0	             2	              2	           1	                1.9561	     3.9514	 -999      	 -999      	 -999      	 -999      	 -999      	 -999      	 -999      	 -999
     118	 temp   	 a      	 Part2	 ellipse    	 ellipse    	          2	 0.2               	 shape     	 attention_check	              0	 n/a                     	 -999                    	 -999           	 -999               	       1.7888	            4.9304	        89	                89	                  0	                 65	 center        	                 0.0	 -999              	 ok     	            0	 -999         	 -999.0       	               6.266	             1	          0	             3	              2	           0	                2.0424	     2.647 	 3.695     	 -999      	 -999      	 -999      	 -999      	 -999      	 -999      	 -999
     119	 temp   	 a      	 Part2	 diamond    	 diamond    	          2	 2.5               	 shape     	 staircase      	              2	 stair2                  	 Part2|diamond|stair2    	 1.5            	 -2.5               	       1.5725	            4.7141	        89	                89	                  0	                 82	 center        	                 0.0	 -999              	 ok     	            0	 -999         	 -999.0       	               6.433	             1	          0	             2	              0	           0	                2.9615	     4.9587	 -999      	 -999      	 -999      	 -999      	 -999      	 -999      	 -999      	 -999
     120	 temp   	 a      	 Part2	 sine_circle	 sine_circle	          2	 2.5               	 shape     	 staircase      	              2	 stair2                  	 Part2|sine_circle|stair2	 1.5            	 -2.5               	       5.9884	            2.8468	        89	                89	                  0	                 85	 center        	                 0.0	 -999              	 ok     	            0	 -999         	 -999.0       	               6.516	             1	          0	             2	              2	           1	                2.9171	     4.3001	 -999      	 -999      	 -999      	 -999      	 -999      	 -999      	 -999      	 -999
     121	 temp   	 a      	 Part2	 ellipse    	 ellipse    	          2	 2.2               	 shape     	 staircase      	              1	 stair1                  	 Part2|ellipse|stair1    	 0.7            	 -2.2               	       3.4079	            0.2663	        89	                89	                  0	                 80	 center        	                 0.0	 -999              	 ok     	            0	 -999         	 -999.0       	               6.516	             1	          0	             3	              1	           0	                2.0638	     3.3774	 4.4619    	 -999      	 -999      	 -999      	 -999      	 -999      	 -999      	 -999
     122	 temp   	 a      	 Part2	 sine_circle	 sine_circle	          2	 2.2               	 shape     	 staircase      	              1	 stair1                  	 Part2|sine_circle|stair1	 0.7            	 -2.2               	       1.5626	            4.7042	        89	                89	                  0	                 68	 center        	                 0.0	 -999              	 ok     	            0	 -999         	 -999.0       	               6.266	             1	          0	             3	              0	           0	                2.2438	     3.4006	 4.2058    	 -999      	 -999      	 -999      	 -999      	 -999      	 -999      	 -999
     123	 temp   	 a      	 Part2	 diamond    	 diamond    	          2	 2.2               	 shape     	 staircase      	              1	 stair1                  	 Part2|diamond|stair1    	 0.7            	 -2.2               	       3.994 	            0.8524	        89	                89	                  0	                 73	 center        	                 0.0	 -999              	 ok     	            0	 -999         	 -999.0       	               6.466	             1	          0	             2	              3	           1	                2.77  	     3.9741	 -999      	 -999      	 -999      	 -999      	 -999      	 -999      	 -999      	 -999
     124	 temp   	 a      	 Part2	 ellipse    	 ellipse    	          2	 2.5               	 shape     	 staircase      	              2	 stair2                  	 Part2|ellipse|stair2    	 1.5            	 -2.5               	       2.313 	            5.4546	        89	                89	                  0	                 69	 center        	                 0.0	 -999              	 ok     	            0	 -999         	 -999.0       	               6.317	             1	          0	             3	              3	           1	                2.292 	     2.8538	 4.4819    	 -999      	 -999      	 -999      	 -999      	 -999      	 -999      	 -999
     125	 temp   	 a      	 Part2	 sine_circle	 sine_circle	          2	 2.5               	 shape     	 staircase      	              2	 stair2                  	 Part2|sine_circle|stair2	 1.5            	 -2.5               	       3.5096	            0.368 	        89	                89	                  0	                 75	 center        	                 0.0	 -999              	 ok     	            0	 -999         	 -999.0       	               6.433	             1	          0	             4	              0	           0	                1.7069	     2.7151	 3.248     	 4.1528    	 -999      	 -999      	 -999      	 -999      	 -999      	 -999
     126	 temp   	 a      	 Part2	 diamond    	 diamond    	          2	 2.5               	 shape     	 staircase      	              2	 stair2                  	 Part2|diamond|stair2    	 1.5            	 -2.5               	       2.243 	            5.3846	        89	                89	                  0	                 72	 center        	                 0.0	 -999              	 ok     	            0	 -999         	 -999.0       	               6.382	             1	          0	             3	              0	           0	                1.7044	     2.567 	 3.771     	 -999      	 -999      	 -999      	 -999      	 -999      	 -999      	 -999
     127	 temp   	 a      	 Part2	 ellipse    	 ellipse    	          2	 2.5               	 shape     	 staircase      	              1	 stair1                  	 Part2|ellipse|stair1    	 0.7            	 -2.5               	       2.0898	            5.2314	        89	                89	                  0	                 60	 center        	                 0.0	 -999              	 ok     	            0	 -999         	 -999.0       	               6.299	             1	          0	             2	              3	           3	                3.181 	     3.9092	 -999      	 -999      	 -999      	 -999      	 -999      	 -999      	 -999      	 -999
     128	 temp   	 a      	 Part2	 sine_circle	 sine_circle	          2	 2.5               	 shape     	 staircase      	              1	 stair1                  	 Part2|sine_circle|stair1	 0.7            	 -2.5               	       4.4416	            1.3   	        89	                89	                  0	                 92	 center        	                 0.0	 -999              	 ok     	            0	 -999         	 -999.0       	               6.816	             1	          0	             3	              3	           2	                2.1147	     3.3259	 5.1521    	 -999      	 -999      	 -999      	 -999      	 -999      	 -999      	 -999
     129	 temp   	 a      	 Part2	 sine_circle	 sine_circle	          2	 0.2               	 shape     	 attention_check	              0	 n/a                     	 -999                    	 -999           	 -999               	       4.7342	            1.5926	        89	                89	                  0	                 88	 center        	                 0.0	 -999              	 ok     	            0	 -999         	 -999.0       	               6.65 	             1	          0	             2	              1	           0	                2.2692	     3.8685	 -999      	 -999      	 -999      	 -999      	 -999      	 -999      	 -999      	 -999
     130	 temp   	 a      	 Part2	 diamond    	 diamond    	          2	 2.5               	 shape     	 staircase      	              1	 stair1                  	 Part2|diamond|stair1    	 0.7            	 -2.5               	       2.7078	            5.8494	        89	                89	                  0	                 91	 center        	                 0.0	 -999              	 ok     	            0	 -999         	 -999.0       	               6.682	             1	          0	             2	              1	           1	                2.6871	     3.9078	 -999      	 -999      	 -999      	 -999      	 -999      	 -999      	 -999      	 -999
     131	 temp   	 a      	 Part2	 diamond    	 diamond    	          2	 2.5               	 shape     	 staircase      	              2	 stair2                  	 Part2|diamond|stair2    	 1.5            	 -2.5               	       0.1627	            3.3043	        89	                89	                  0	                 60	 center        	                 0.0	 -999              	 ok     	            0	 -999         	 -999.0       	               6.281	             1	          0	             2	              0	           0	                3.1703	     4.5416	 -999      	 -999      	 -999      	 -999      	 -999      	 -999      	 -999      	 -999
     132	 temp   	 a      	 Part2	 ellipse    	 ellipse    	          2	 2.5               	 shape     	 staircase      	              2	 stair2                  	 Part2|ellipse|stair2    	 1.5            	 -2.5               	       1.6322	            4.7738	        89	                89	                  0	                 63	 center        	                 0.0	 -999              	 ok     	            0	 -999         	 -999.0       	               6.382	             1	          0	             2	              5	           5	                2.7225	     3.9676	 -999      	 -999      	 -999      	 -999      	 -999      	 -999      	 -999      	 -999
     133	 temp   	 a      	 Part2	 sine_circle	 sine_circle	          2	 2.5               	 shape     	 staircase      	              2	 stair2                  	 Part2|sine_circle|stair2	 1.5            	 -2.5               	       0.6173	            3.7589	        89	                89	                  0	                 66	 center        	                 0.0	 -999              	 ok     	            0	 -999         	 -999.0       	               6.4  	             1	          0	             3	              0	           0	                2.3841	     3.3635	 3.9308    	 -999      	 -999      	 -999      	 -999      	 -999      	 -999      	 -999
     134	 temp   	 a      	 Part2	 diamond    	 diamond    	          2	 2.5               	 shape     	 staircase      	              1	 stair1                  	 Part2|diamond|stair1    	 0.7            	 -2.5               	       2.5221	            5.6637	        89	                89	                  0	                 89	 center        	                 0.0	 -999              	 ok     	            0	 -999         	 -999.0       	               6.965	             1	          0	             2	              1	           1	                2.2379	     3.5322	 -999      	 -999      	 -999      	 -999      	 -999      	 -999      	 -999      	 -999
     135	 temp   	 a      	 Part2	 ellipse    	 ellipse    	          2	 2.5               	 shape     	 staircase      	              1	 stair1                  	 Part2|ellipse|stair1    	 0.7            	 -2.5               	       5.3704	            2.2288	        89	                89	                  0	                 71	 center        	                 0.0	 -999              	 ok     	            0	 -999         	 -999.0       	               6.499	             1	          0	             2	              1	           1	                2.1957	     3.8703	 -999      	 -999      	 -999      	 -999      	 -999      	 -999      	 -999      	 -999
     136	 temp   	 a      	 Part2	 sine_circle	 sine_circle	          2	 2.5               	 shape     	 staircase      	              1	 stair1                  	 Part2|sine_circle|stair1	 0.7            	 -2.5               	       0.2039	            3.3455	        89	                89	                  0	                 60	 center        	                 0.0	 -999              	 ok     	            0	 -999         	 -999.0       	               6.466	             1	          0	             2	              1	           1	                3.0842	     3.6114	 -999      	 -999      	 -999      	 -999      	 -999      	 -999      	 -999      	 -999
     137	 temp   	 a      	 Part2	 sine_circle	 sine_circle	          2	 2.5               	 shape     	 staircase      	              2	 stair2                  	 Part2|sine_circle|stair2	 1.5            	 -2.5               	       4.8582	            1.7166	        89	                89	                  0	                 67	 center        	                 0.0	 -999              	 ok     	            0	 -999         	 -999.0       	               6.433	             1	          0	             2	              1	           1	                2.8031	     4.4304	 -999      	 -999      	 -999      	 -999      	 -999      	 -999      	 -999      	 -999
     138	 temp   	 a      	 Part2	 ellipse    	 ellipse    	          2	 2.5               	 shape     	 staircase      	              2	 stair2                  	 Part2|ellipse|stair2    	 1.5            	 -2.5               	       3.0998	            6.2414	        89	                89	                  0	                 68	 center        	                 0.0	 -999              	 ok     	            0	 -999         	 -999.0       	               6.483	             1	          0	             3	              3	           0	                2.6704	     3.4298	 4.6716    	 -999      	 -999      	 -999      	 -999      	 -999      	 -999      	 -999
     139	 temp   	 a      	 Part2	 diamond    	 diamond    	          2	 2.5               	 shape     	 staircase      	              2	 stair2                  	 Part2|diamond|stair2    	 1.5            	 -2.5               	       6.0903	            2.9487	        89	                89	                  0	                 92	 center        	                 0.0	 -999              	 ok     	            0	 -999         	 -999.0       	               6.799	             1	          0	             3	              0	           0	                2.5784	     3.2653	 4.4373    	 -999      	 -999      	 -999      	 -999      	 -999      	 -999      	 -999
     140	 temp   	 a      	 Part2	 ellipse    	 ellipse    	          2	 0.2               	 shape     	 attention_check	              0	 n/a                     	 -999                    	 -999           	 -999               	       3.167 	            0.0254	        89	                89	                  0	                 74	 center        	                 0.0	 -999              	 ok     	            0	 -999         	 -999.0       	               6.616	             1	          0	             2	              3	           2	                2.8835	     4.6156	 -999      	 -999      	 -999      	 -999      	 -999      	 -999      	 -999      	 -999
     141	 temp   	 a      	 Part2	 ellipse    	 ellipse    	          2	 2.5               	 shape     	 staircase      	              1	 stair1                  	 Part2|ellipse|stair1    	 0.7            	 -2.5               	       4.854 	            1.7124	        89	                89	                  0	                 83	 center        	                 0.0	 -999              	 ok     	            0	 -999         	 -999.0       	               6.833	             1	          0	             3	              2	           2	                2.1585	     2.8489	 3.7832    	 -999      	 -999      	 -999      	 -999      	 -999      	 -999      	 -999
     142	 temp   	 a      	 Part2	 diamond    	 diamond    	          2	 2.5               	 shape     	 staircase      	              1	 stair1                  	 Part2|diamond|stair1    	 0.7            	 -2.5               	       4.9173	            1.7757	        89	                89	                  0	                 91	 center        	                 0.0	 -999              	 ok     	            0	 -999         	 -999.0       	               6.832	             1	          0	             4	              0	           0	                1.8825	     2.7455	 3.3788    	 4.9824    	 -999      	 -999      	 -999      	 -999      	 -999      	 -999
     143	 temp   	 a      	 Part2	 sine_circle	 sine_circle	          2	 2.5               	 shape     	 staircase      	              1	 stair1                  	 Part2|sine_circle|stair1	 0.7            	 -2.5               	       2.662 	            5.8036	        89	                89	                  0	                 60	 center        	                 0.0	 -999              	 ok     	            0	 -999         	 -999.0       	               6.383	             1	          0	             2	              0	           0	                2.9826	     4.581 	 -999      	 -999      	 -999      	 -999      	 -999      	 -999      	 -999      	 -999
     144	 temp   	 a      	 Part2	 sine_circle	 sine_circle	          2	 2.5               	 shape     	 staircase      	              2	 stair2                  	 Part2|sine_circle|stair2	 1.5            	 -2.5               	       5.4252	            2.2836	        89	                89	                  0	                 84	 center        	                 0.0	 -999              	 ok     	            0	 -999         	 -999.0       	               6.884	             1	          0	             2	              1	           0	                2.3751	     3.5774	 -999      	 -999      	 -999      	 -999      	 -999      	 -999      	 -999      	 -999
     145	 temp   	 a      	 Part2	 ellipse    	 ellipse    	          2	 2.5               	 shape     	 staircase      	              2	 stair2                  	 Part2|ellipse|stair2    	 1.5            	 -2.5               	       4.677 	            1.5354	        89	                89	                  0	                 72	 center        	                 0.0	 -999              	 ok     	            0	 -999         	 -999.0       	               6.715	             1	          0	             2	              2	           2	                1.9856	     3.9773	 -999      	 -999      	 -999      	 -999      	 -999      	 -999      	 -999      	 -999
     146	 temp   	 a      	 Part2	 diamond    	 diamond    	          2	 2.5               	 shape     	 staircase      	              2	 stair2                  	 Part2|diamond|stair2    	 1.5            	 -2.5               	       0.1926	            3.3342	        89	                89	                  0	                 76	 center        	                 0.0	 -999              	 ok     	            0	 -999         	 -999.0       	               6.699	             1	          0	             2	              3	           0	                2.3552	     3.817 	 -999      	 -999      	 -999      	 -999      	 -999      	 -999      	 -999      	 -999
     147	 temp   	 a      	 Part2	 ellipse    	 ellipse    	          2	 2.5               	 shape     	 staircase      	              1	 stair1                  	 Part2|ellipse|stair1    	 0.7            	 -2.5               	       4.1548	            1.0132	        89	                89	                  0	                 83	 center        	                 0.0	 -999              	 ok     	            0	 -999         	 -999.0       	               6.85 	             1	          0	             2	              0	           0	                2.8412	     4.1527	 -999      	 -999      	 -999      	 -999      	 -999      	 -999      	 -999      	 -999
     148	 temp   	 a      	 Part2	 diamond    	 diamond    	          2	 2.5               	 shape     	 staircase      	              1	 stair1                  	 Part2|diamond|stair1    	 0.7            	 -2.5               	       6.2424	            3.1008	        89	                89	                  0	                 64	 center        	                 0.0	 -999              	 ok     	            0	 -999         	 -999.0       	               6.533	             1	          0	             2	              0	           0	                2.5818	     3.7012	 -999      	 -999      	 -999      	 -999      	 -999      	 -999      	 -999      	 -999
     149	 temp   	 a      	 Part2	 sine_circle	 sine_circle	          2	 2.5               	 shape     	 staircase      	              1	 stair1                  	 Part2|sine_circle|stair1	 0.7            	 -2.5               	       5.4284	            2.2868	        89	                89	                  0	                 95	 center        	                 0.0	 -999              	 ok     	            0	 -999         	 -999.0       	               6.933	             1	          0	             3	              0	           0	                2.3092	     3.3734	 3.8947    	 -999      	 -999      	 -999      	 -999      	 -999      	 -999      	 -999
     150	 temp   	 a      	 Part2	 diamond    	 diamond    	          2	 2.5               	 shape     	 staircase      	              2	 stair2                  	 Part2|diamond|stair2    	 1.5            	 -2.5               	       0.0832	            3.2247	        89	                89	                  0	                 69	 center        	                 0.0	 -999              	 ok     	            0	 -999         	 -999.0       	               6.617	             1	          0	             3	              1	           0	                1.7812	     3.0866	 5.011     	 -999      	 -999      	 -999      	 -999      	 -999      	 -999      	 -999
     151	 temp   	 a      	 Part2	 diamond    	 diamond    	          2	 0.2               	 shape     	 attention_check	              0	 n/a                     	 -999                    	 -999           	 -999               	       1.298 	            4.4396	        89	                89	                  0	                 69	 center        	                 0.0	 -999              	 ok     	            0	 -999         	 -999.0       	               6.716	             1	          0	             2	              2	           1	                3.0626	     4.2117	 -999      	 -999      	 -999      	 -999      	 -999      	 -999      	 -999      	 -999
     152	 temp   	 a      	 Part2	 ellipse    	 ellipse    	          2	 2.5               	 shape     	 staircase      	              2	 stair2                  	 Part2|ellipse|stair2    	 1.5            	 -2.5               	       3.0275	            6.1691	        89	                89	                  0	                 86	 center        	                 0.0	 -999              	 ok     	            0	 -999         	 -999.0       	               6.983	             1	          0	             2	              3	           0	                3.155 	     3.765 	 -999      	 -999      	 -999      	 -999      	 -999      	 -999      	 -999      	 -999
     153	 temp   	 a      	 Part2	 sine_circle	 sine_circle	          2	 2.5               	 shape     	 staircase      	              2	 stair2                  	 Part2|sine_circle|stair2	 1.5            	 -2.5               	       5.9839	            2.8423	        89	                89	                  0	                 60	 center        	                 0.0	 -999              	 ok     	            0	 -999         	 -999.0       	               6.467	             1	          0	             3	              0	           0	                2.0611	     2.6991	 4.0304    	 -999      	 -999      	 -999      	 -999      	 -999      	 -999      	 -999
     154	 temp   	 a      	 Part2	 diamond    	 diamond    	          2	 2.5               	 shape     	 staircase      	              1	 stair1                  	 Part2|diamond|stair1    	 0.7            	 -2.5               	       0.6051	            3.7467	        89	                89	                  0	                 72	 center        	                 0.0	 -999              	 ok     	            0	 -999         	 -999.0       	               6.766	             1	          0	             3	              1	           1	                1.761 	     2.9753	 4.6166    	 -999      	 -999      	 -999      	 -999      	 -999      	 -999      	 -999
     155	 temp   	 a      	 Part2	 sine_circle	 sine_circle	          2	 2.5               	 shape     	 staircase      	              1	 stair1                  	 Part2|sine_circle|stair1	 0.7            	 -2.5               	       2.8986	            6.0402	        89	                89	                  0	                 89	 center        	                 0.0	 -999              	 ok     	            0	 -999         	 -999.0       	               7.033	             1	          0	             2	              5	           5	                2.1815	     4.1725	 -999      	 -999      	 -999      	 -999      	 -999      	 -999      	 -999      	 -999
     156	 temp   	 a      	 Part2	 ellipse    	 ellipse    	          2	 2.5               	 shape     	 staircase      	              1	 stair1                  	 Part2|ellipse|stair1    	 0.7            	 -2.5               	       5.0128	            1.8712	        89	                89	                  0	                 87	 center        	                 0.0	 -999              	 ok     	            0	 -999         	 -999.0       	               6.882	             1	          0	             3	              1	           0	                2.6975	     3.3676	 4.6058    	 -999      	 -999      	 -999      	 -999      	 -999      	 -999      	 -999
     157	 temp   	 a      	 Part2	 diamond    	 diamond    	          2	 2.5               	 shape     	 staircase      	              2	 stair2                  	 Part2|diamond|stair2    	 1.5            	 -2.5               	       3.4501	            0.3085	        89	                89	                  0	                 69	 center        	                 0.0	 -999              	 ok     	            0	 -999         	 -999.0       	               6.716	             1	          0	             4	              4	           3	                1.7538	     2.3662	 3.0258    	 3.9975    	 -999      	 -999      	 -999      	 -999      	 -999      	 -999
     158	 temp   	 a      	 Part2	 ellipse    	 ellipse    	          2	 2.5               	 shape     	 staircase      	              2	 stair2                  	 Part2|ellipse|stair2    	 1.5            	 -2.5               	       5.4545	            2.3129	        89	                89	                  0	                 92	 center        	                 0.0	 -999              	 ok     	            0	 -999         	 -999.0       	               7.116	             1	          0	             3	              0	           0	                1.8696	     3.1215	 4.1543    	 -999      	 -999      	 -999      	 -999      	 -999      	 -999      	 -999
     159	 temp   	 a      	 Part2	 sine_circle	 sine_circle	          2	 2.5               	 shape     	 staircase      	              2	 stair2                  	 Part2|sine_circle|stair2	 1.5            	 -2.5               	       3.2734	            0.1318	        89	                89	                  0	                 83	 center        	                 0.0	 -999              	 ok     	            0	 -999         	 -999.0       	               6.95 	             1	          0	             2	              2	           0	                2.977 	     4.7876	 -999      	 -999      	 -999      	 -999      	 -999      	 -999      	 -999      	 -999
     160	 temp   	 a      	 Part2	 ellipse    	 ellipse    	          2	 2.5               	 shape     	 staircase      	              1	 stair1                  	 Part2|ellipse|stair1    	 0.7            	 -2.5               	       5.9432	            2.8016	        89	                89	                  0	                 69	 center        	                 0.0	 -999              	 ok     	            0	 -999         	 -999.0       	               6.682	             1	          0	             3	              1	           1	                2.45  	     3.4252	 4.147     	 -999      	 -999      	 -999      	 -999      	 -999      	 -999      	 -999
     161	 temp   	 a      	 Part2	 sine_circle	 sine_circle	          2	 2.5               	 shape     	 staircase      	              1	 stair1                  	 Part2|sine_circle|stair1	 0.7            	 -2.5               	       4.0692	            0.9276	        89	                89	                  0	                 79	 center        	                 0.0	 -999              	 ok     	            0	 -999         	 -999.0       	               6.883	             1	          0	             2	              0	           0	                2.9197	     4.8543	 -999      	 -999      	 -999      	 -999      	 -999      	 -999      	 -999      	 -999
     162	 temp   	 a      	 Part2	 sine_circle	 sine_circle	          2	 0.2               	 shape     	 attention_check	              0	 n/a                     	 -999                    	 -999           	 -999               	       0.8773	            4.0189	        89	                89	                  0	                 61	 center        	                 0.0	 -999              	 ok     	            0	 -999         	 -999.0       	               6.751	             1	          0	             2	              0	           0	                2.7328	     3.8036	 -999      	 -999      	 -999      	 -999      	 -999      	 -999      	 -999      	 -999
     163	 temp   	 a      	 Part2	 diamond    	 diamond    	          2	 2.5               	 shape     	 staircase      	              1	 stair1                  	 Part2|diamond|stair1    	 0.7            	 -2.5               	       2.5948	            5.7364	        89	                89	                  0	                 86	 center        	                 0.0	 -999              	 ok     	            0	 -999         	 -999.0       	               6.997	             1	          0	             4	              1	           0	                2.1468	     2.721 	 3.2751    	 4.1762    	 -999      	 -999      	 -999      	 -999      	 -999      	 -999
     164	 temp   	 a      	 Part2	 ellipse    	 ellipse    	          2	 2.5               	 shape     	 staircase      	              2	 stair2                  	 Part2|ellipse|stair2    	 1.5            	 -2.5               	       2.2746	            5.4162	        89	                89	                  0	                 72	 center        	                 0.0	 -999              	 ok     	            0	 -999         	 -999.0       	               6.866	             1	          0	             2	              2	           2	                2.8144	     4.7081	 -999      	 -999      	 -999      	 -999      	 -999      	 -999      	 -999      	 -999
     165	 temp   	 a      	 Part2	 sine_circle	 sine_circle	          2	 2.5               	 shape     	 staircase      	              2	 stair2                  	 Part2|sine_circle|stair2	 1.5            	 -2.5               	       1.5648	            4.7064	        89	                89	                  0	                 84	 center        	                 0.0	 -999              	 ok     	            0	 -999         	 -999.0       	               6.966	             1	          0	             2	              2	           1	                3.0218	     3.5414	 -999      	 -999      	 -999      	 -999      	 -999      	 -999      	 -999      	 -999
     166	 temp   	 a      	 Part2	 diamond    	 diamond    	          2	 2.5               	 shape     	 staircase      	              2	 stair2                  	 Part2|diamond|stair2    	 1.5            	 -2.5               	       1.8317	            4.9733	        89	                89	                  0	                 76	 center        	                 0.0	 -999              	 ok     	            0	 -999         	 -999.0       	               6.866	             1	          0	             4	              1	           0	                1.8459	     2.4801	 3.0337    	 3.9251    	 -999      	 -999      	 -999      	 -999      	 -999      	 -999
     167	 temp   	 a      	 Part2	 ellipse    	 ellipse    	          2	 2.5               	 shape     	 staircase      	              1	 stair1                  	 Part2|ellipse|stair1    	 0.7            	 -2.5               	       3.2958	            0.1542	        89	                89	                  0	                 82	 center        	                 0.0	 -999              	 ok     	            0	 -999         	 -999.0       	               6.966	             1	          0	             2	              1	           0	                2.6856	     3.6443	 -999      	 -999      	 -999      	 -999      	 -999      	 -999      	 -999      	 -999
     168	 temp   	 a      	 Part2	 sine_circle	 sine_circle	          2	 2.5               	 shape     	 staircase      	              1	 stair1                  	 Part2|sine_circle|stair1	 0.7            	 -2.5               	       3.2858	            0.1442	        89	                89	                  0	                 66	 center        	                 0.0	 -999              	 ok     	            0	 -999         	 -999.0       	               6.883	             1	          0	             2	              4	           3	                3.0035	     4.7377	 -999      	 -999      	 -999      	 -999      	 -999      	 -999      	 -999      	 -999
     169	 temp   	 a      	 Part2	 diamond    	 diamond    	          2	 2.5               	 shape     	 staircase      	              1	 stair1                  	 Part2|diamond|stair1    	 0.7            	 -2.5               	       3.7697	            0.6281	        89	                89	                  0	                 88	 center        	                 0.0	 -999              	 ok     	            0	 -999         	 -999.0       	               7.149	             1	          0	             2	              0	           0	                2.6631	     3.7515	 -999      	 -999      	 -999      	 -999      	 -999      	 -999      	 -999      	 -999
     170	 temp   	 a      	 Part2	 ellipse    	 ellipse    	          2	 2.5               	 shape     	 staircase      	              2	 stair2                  	 Part2|ellipse|stair2    	 1.5            	 -2.5               	       4.945 	            1.8034	        89	                89	                  0	                 68	 center        	                 0.0	 -999              	 ok     	            0	 -999         	 -999.0       	               7.049	             1	          0	             3	              2	           2	                2.5119	     3.135 	 4.7545    	 -999      	 -999      	 -999      	 -999      	 -999      	 -999      	 -999
     171	 temp   	 a      	 Part2	 sine_circle	 sine_circle	          2	 2.5               	 shape     	 staircase      	              2	 stair2                  	 Part2|sine_circle|stair2	 1.5            	 -2.5               	       4.7296	            1.588 	        89	                89	                  0	                 61	 center        	                 0.0	 -999              	 ok     	            0	 -999         	 -999.0       	               6.883	             1	          0	             2	              1	           0	                2.6272	     4.0107	 -999      	 -999      	 -999      	 -999      	 -999      	 -999      	 -999      	 -999
     172	 temp   	 a      	 Part2	 diamond    	 diamond    	          2	 2.5               	 shape     	 staircase      	              2	 stair2                  	 Part2|diamond|stair2    	 1.5            	 -2.5               	       1.9214	            5.063 	        89	                89	                  0	                 65	 center        	                 0.0	 -999              	 ok     	            0	 -999         	 -999.0       	               6.815	             1	          0	             3	              0	           0	                2.3209	     3.0389	 4.6052    	 -999      	 -999      	 -999      	 -999      	 -999      	 -999      	 -999
     173	 temp   	 a      	 Part2	 ellipse    	 ellipse    	          2	 0.2               	 shape     	 attention_check	              0	 n/a                     	 -999                    	 -999           	 -999               	       2.4668	            5.6084	        89	                89	                  0	                 70	 center        	                 0.0	 -999              	 ok     	            0	 -999         	 -999.0       	               6.9  	             1	          0	             3	              1	           1	                2.0704	     3.1911	 3.9368    	 -999      	 -999      	 -999      	 -999      	 -999      	 -999      	 -999
